id,treadmill,speed,terrain,trial,hurst,entropy,n.intervals.dropped,pct.timeseries.dropped
H1002,SP,0p25,flat,1,0.770756359395344,1.16315080980568,1,2
H1002,SP,0p25,flat,2,0.701767230921208,2.94443897916644,2,4
H1002,SP,0p5,flat,1,0.651382856495104,2.07944154167984,1,2
H1002,SP,0p5,flat,2,0.568111824723065,1.52605630349505,0,0
H1002,SP,0p75,flat,1,0.464618292981403,2.99573227355399,0,0
H1002,SP,0p75,flat,2,0.486766975503198,3.13549421592915,0,0
H1002,SP,1p0,flat,1,0.535775294726505,1.43508452528932,0,0
H1002,SP,1p0,flat,2,0.440200820611977,1.6094379124341,1,2
H1004,SP,0p25,flat,1,0.609360491485671,NaN,2,4
H1004,SP,0p25,flat,2,0.864017124257998,1.6094379124341,0,0
H1004,SP,0p5,flat,1,0.638545658775182,1.83258146374831,0,0
H1004,SP,0p5,flat,2,0.718051975837957,1.87180217690159,2,4
H1004,SP,0p75,flat,1,0.587581675924902,1.99243016469021,0,0
H1004,SP,0p75,flat,2,0.81522920507959,2.484906649788,0,0
H1004,SP,1p0,flat,1,0.57401699735319,3.13549421592915,0,0
H1004,SP,1p0,flat,2,0.659523653054166,3.09104245335832,0,0
H1007,SP,0p25,flat,1,0.655905741893599,1.43508452528932,0,0
H1007,SP,0p25,flat,2,0.86829336352208,1.67397643357167,1,2
H1007,SP,0p5,flat,1,0.903470790584079,2.56494935746154,0,0
H1007,SP,0p5,flat,2,0.775136978403793,1.79175946922805,0,0
H1007,SP,0p75,flat,1,0.753609228094676,1.74919985480926,1,2
H1007,SP,0p75,flat,2,0.694084744082843,2.42774823594805,0,0
H1007,SP,1p0,flat,1,0.667239206359013,2.39789527279837,1,2
H1007,SP,1p0,flat,2,0.733864136388399,1.50407739677627,0,0
H1009,SP,0p25,flat,1,0.536102442779674,2.01490302054226,0,0
H1009,SP,0p25,flat,2,0.63028932477002,NaN,0,0
H1009,SP,0p5,flat,1,0.652496028363235,2.07944154167984,0,0
H1009,SP,0p5,flat,2,0.48344056667801,1.28913061266624,1,2
H1009,SP,0p75,flat,1,0.616900787220244,2.35137525716348,1,2
H1009,SP,0p75,flat,2,0.550652893076328,2.07944154167984,0,0
H1009,SP,1p0,flat,1,0.658148776406561,1.68639895357023,1,2
H1009,SP,1p0,flat,2,0.550962934419478,1.84582669049833,0,0
H1010,SP,0p25,flat,1,0.674911326001316,NaN,1,2
H1010,SP,0p25,flat,2,0.64798275032731,2.07944154167984,2,4
H1010,SP,0p5,flat,1,0.901296431076989,2.05412373369555,0,0
H1010,SP,0p5,flat,2,0.763292844951426,NaN,0,0
H1010,SP,0p75,flat,1,0.64325661667274,2.99573227355399,0,0
H1010,SP,0p75,flat,2,0.367488953233221,1.145132304303,0,0
H1010,SP,1p0,flat,1,0.668257938592004,2.484906649788,0,0
H1010,SP,1p0,flat,2,0.627763583400998,2.2512917986065,0,0
H1011,SP,0p25,flat,1,0.641616223065756,NaN,2,4
H1011,SP,0p25,flat,2,0.948015647570617,1.84582669049833,2,4
H1011,SP,0p5,flat,1,0.599485098696766,2.39789527279837,0,0
H1011,SP,0p5,flat,2,0.777019553484413,2.35137525716348,0,0
H1011,SP,0p75,flat,1,0.761353179188774,3.13549421592915,0,0
H1011,SP,0p75,flat,2,0.585956549626734,2.19722457733622,1,2
H1011,SP,1p0,flat,1,0.514668163143721,1.48160454092422,0,0
H1011,SP,1p0,flat,2,0.826036006411571,1.38629436111989,0,0
H1012,SP,0p25,flat,1,0.621319798500575,1.43074612369072,0,0
H1012,SP,0p25,flat,2,0.775948985735838,1.32175583998232,0,0
H1012,SP,0p5,flat,1,0.827841196517312,1.99243016469021,0,0
H1012,SP,0p5,flat,2,0.437166537789783,2.83321334405622,0,0
H1012,SP,0p75,flat,1,0.656514739840771,1.64865862558738,0,0
H1012,SP,0p75,flat,2,0.555910563487476,2.35137525716348,0,0
H1012,SP,1p0,flat,1,0.780301896149574,2.56494935746154,0,0
H1012,SP,1p0,flat,2,0.564725926279766,2.15948424935337,0,0
H1013,SP,0p25,flat,1,0.928231478115759,1.7227665977411,0,0
H1013,SP,0p25,flat,2,0.846667809397604,1.29928298413026,1,2
H1013,SP,0p5,flat,1,0.901228495921221,1.23676262714893,1,2
H1013,SP,0p5,flat,2,0.971522604726742,1.55059741241117,2,4
H1013,SP,0p75,flat,1,0.843525214750809,1.28785428830664,0,0
H1013,SP,0p75,flat,2,0.542256333310396,1.79175946922805,0,0
H1013,SP,1p0,flat,1,0.732497781029435,2.15948424935337,0,0
H1013,SP,1p0,flat,2,0.770819369807671,2.01490302054226,1,2
H1017,SP,0p25,flat,1,0.909980832965095,1.27296567581289,1,2
H1017,SP,0p25,flat,2,0.813532259412606,NaN,1,2
H1017,SP,0p5,flat,1,0.859738237427304,2.19722457733622,0,0
H1017,SP,0p5,flat,2,0.8485948809782,2.35137525716348,0,0
H1017,SP,0p75,flat,1,0.645160288634859,1.89711998488588,0,0
H1017,SP,0p75,flat,2,0.594149419643124,NaN,0,0
H1017,SP,1p0,flat,1,0.557204914050368,2.14006616349627,0,0
H1017,SP,1p0,flat,2,0.622119865060896,2.39789527279837,0,0
H1018,SP,0p25,flat,1,0.788781920952519,1.74919985480926,0,0
H1018,SP,0p25,flat,2,0.826355344677675,1.04982212449868,0,0
H1018,SP,0p5,flat,1,0.787994620524342,1.89711998488588,1,2
H1018,SP,0p5,flat,2,0.675578872488419,1.70474809223843,0,0
H1018,SP,0p75,flat,1,0.569504699897491,2.35137525716348,0,0
H1018,SP,0p75,flat,2,0.525130853778804,2.15948424935337,0,0
H1018,SP,1p0,flat,1,0.486323177440393,2.52572864430826,1,2
H1018,SP,1p0,flat,2,0.493939905453417,1.64865862558738,0,0
H1019,SP,0p25,flat,1,0.909675827435847,2.60268968544438,0,0
H1019,SP,0p25,flat,2,0.867759346966408,2.12026353620009,0,0
H1019,SP,0p5,flat,1,0.531031765299879,1.50407739677627,0,0
H1019,SP,0p5,flat,2,0.817042111096943,1.31218638896617,0,0
H1019,SP,0p75,flat,1,0.712183449024505,2.03688192726104,0,0
H1019,SP,0p75,flat,2,0.630069733819989,2.4423470353692,0,0
H1019,SP,1p0,flat,1,0.612926588043502,2.94443897916644,1,2
H1019,SP,1p0,flat,2,0.634449426156887,2.484906649788,0,0
H1020,SP,0p25,flat,1,0.909923045652847,1.90954250488444,1,2
H1020,SP,0p25,flat,2,0.506686978091194,1.91692261218206,2,4
H1020,SP,0p5,flat,1,0.680136657713108,2.4423470353692,0,0
H1020,SP,0p5,flat,2,0.540439496606998,2.12026353620009,0,0
H1020,SP,0p75,flat,1,0.770657742767276,1.70474809223843,0,0
H1020,SP,0p75,flat,2,0.529015295939534,2.35137525716348,0,0
H1020,SP,1p0,flat,1,0.516063735146135,2.03688192726104,0,0
H1020,SP,1p0,flat,2,0.574222418221852,0.993251773010283,1,2
H1022,SP,0p25,flat,1,0.489808851083563,0.703163958803417,0,0
H1022,SP,0p25,flat,2,0.694279551448561,1.44691898293633,2,4
H1022,SP,0p5,flat,1,0.334562028894724,1.2272296664902,1,2
H1022,SP,0p5,flat,2,0.545473882394353,1.38629436111989,1,2
H1022,SP,0p75,flat,1,0.660885866274951,1.73460105538811,1,2
H1022,SP,0p75,flat,2,0.938533505560396,0.407227223101564,0,0
H1022,SP,1p0,flat,1,0.562588055975352,2.07944154167984,2,4
H1022,SP,1p0,flat,2,0.46724536174838,1.6094379124341,0,0
H1024,SP,0p25,flat,1,0.776477578892817,2.2512917986065,1,2
H1024,SP,0p25,flat,2,0.47210370596601,1.75785791755237,1,2
H1024,SP,0p5,flat,1,0.548564161924239,1.6094379124341,0,0
H1024,SP,0p5,flat,2,0.667429672682127,2.67414864942653,0,0
H1024,SP,0p75,flat,1,0.601401745454782,1.84582669049833,0,0
H1024,SP,0p75,flat,2,0.633536703011521,1.40691364832263,0,0
H1024,SP,1p0,flat,1,0.66343619790062,1.65822807660353,0,0
H1024,SP,1p0,flat,2,0.531239360175318,1.32175583998232,0,0
H1025,SP,0p25,flat,1,0.80955330233048,1.26851132546351,0,0
H1025,SP,0p25,flat,2,0.453575413009688,2.94443897916644,0,0
H1025,SP,0p5,flat,1,0.382473938130284,2.2512917986065,0,0
H1025,SP,0p5,flat,2,0.623847911386609,2.4423470353692,2,4
H1025,SP,0p75,flat,1,0.559391341200463,2.70805020110221,0,0
H1025,SP,0p75,flat,2,0.433164780126107,1.79175946922805,0,0
H1025,SP,1p0,flat,1,0.661979918222856,1.53147637096439,0,0
H1025,SP,1p0,flat,2,0.70909288043258,2.30258509299405,0,0
H1026,SP,0p25,flat,1,0.636273849576967,0.940007258491471,2,4
H1026,SP,0p25,flat,2,0.789846966314918,2.30258509299405,1,2
H1026,SP,0p5,flat,1,0.866279744350612,1.56861591791385,0,0
H1026,SP,0p5,flat,2,0.786785061337785,1.22377543162212,0,0
H1026,SP,0p75,flat,1,0.764014499018914,1.45528723260684,0,0
H1026,SP,0p75,flat,2,0.543002096639017,1.6094379124341,0,0
H1026,SP,1p0,flat,1,0.540602719994823,1.28093384546206,0,0
H1026,SP,1p0,flat,2,0.621316775896881,1.6094379124341,0,0
H1027,SP,0p25,flat,1,0.718628226123404,1.53147637096439,0,0
H1027,SP,0p25,flat,2,0.667129785688715,1.54044504094715,0,0
H1027,SP,0p5,flat,1,0.560334693768373,2.83321334405622,0,0
H1027,SP,0p5,flat,2,0.800196407834251,3.13549421592915,1,2
H1027,SP,0p75,flat,1,0.782066769536647,2.19722457733622,0,0
H1027,SP,0p75,flat,2,0.650499257976654,1.99243016469021,1,2
H1027,SP,1p0,flat,1,0.63817479868622,2.14006616349627,0,0
H1027,SP,1p0,flat,2,0.532702094487568,1.64222773525709,1,2
H1029,SP,0p25,flat,1,0.692409443213986,1.6094379124341,0,0
H1029,SP,0p25,flat,2,0.695555993177515,1.21502264051252,1,2
H1029,SP,0p5,flat,1,0.636332015179407,1.94591014905531,1,2
H1029,SP,0p5,flat,2,0.469927105531029,1.18958406687384,1,2
H1029,SP,0p75,flat,1,0.445172673264679,3.04452243772342,0,0
H1029,SP,0p75,flat,2,0.521318569310306,1.70474809223843,0,0
H1029,SP,1p0,flat,1,0.433715255558226,1.65822807660353,1,2
H1029,SP,1p0,flat,2,0.563530354535701,2.14006616349627,0,0
H1030,SP,0p25,flat,1,0.664737485487701,1.56861591791385,3,6
H1030,SP,0p25,flat,2,0.518385626898506,0.802631413401634,0,0
H1030,SP,0p5,flat,1,0.529759074871204,1.64865862558738,0,0
H1030,SP,0p5,flat,2,0.582017354375699,1.65822807660353,0,0
H1030,SP,0p75,flat,1,0.462444449789305,3.04452243772342,0,0
H1030,SP,0p75,flat,2,0.365398889700322,2.35137525716348,0,0
H1030,SP,1p0,flat,1,0.548444455850352,2.30258509299405,0,0
H1030,SP,1p0,flat,2,0.529470321878298,2.30258509299405,0,0
H1031,SP,0p25,flat,1,0.736303680572942,NaN,0,0
H1031,SP,0p25,flat,2,0.647820638108831,2.03688192726104,0,0
H1031,SP,0p5,flat,1,0.286165416064826,2.14006616349627,0,0
H1031,SP,0p5,flat,2,0.667194251635293,2.67414864942653,0,0
H1031,SP,0p75,flat,1,0.500515280502397,1.46633706879343,1,2
H1031,SP,0p75,flat,2,0.557074930473301,1.41706601978664,0,0
H1031,SP,1p0,flat,1,0.309894096352061,1.47590651980958,1,2
H1031,SP,1p0,flat,2,0.4423686032606,2.89037175789616,0,0
H1032,SP,0p25,flat,1,0.9156713528658,2.60268968544438,0,0
H1032,SP,0p25,flat,2,0.483267009554679,1.82454929205105,0,0
H1032,SP,0p5,flat,1,0.596206908858574,2.94443897916644,0,0
H1032,SP,0p5,flat,2,0.663203198561634,1.50407739677627,0,0
H1032,SP,0p75,flat,1,0.601172006661232,1.79175946922805,0,0
H1032,SP,0p75,flat,2,0.804264627459705,1.25276296849537,0,0
H1032,SP,1p0,flat,1,0.56681284544972,2.83321334405622,0,0
H1032,SP,1p0,flat,2,0.935516681248803,1.25276296849537,0,0
H1033,SP,0p25,flat,1,0.567457460766153,2.77258872223978,3,6
H1033,SP,0p25,flat,2,0.648613575711486,2.19722457733622,4,8
H1033,SP,0p5,flat,1,0.621705925898352,1.83258146374831,1,2
H1033,SP,0p5,flat,2,0.637538725571277,NaN,0,0
H1033,SP,0p75,flat,1,0.598613341033099,NaN,0,0
H1033,SP,0p75,flat,2,0.549692512802493,1.03101899753558,1,2
H1033,SP,1p0,flat,1,0.647179366989228,1.6094379124341,0,0
H1033,SP,1p0,flat,2,0.629091703102078,1.6094379124341,0,0
H1034,SP,0p25,flat,1,0.915747205161254,1.45528723260684,2,4
H1034,SP,0p25,flat,2,0.687917277860378,2.03688192726104,1,2
H1034,SP,0p5,flat,1,0.823327913834087,2.99573227355399,0,0
H1034,SP,0p5,flat,2,0.675026256974811,2.2512917986065,0,0
H1034,SP,0p75,flat,1,0.688262484855263,2.94443897916644,0,0
H1034,SP,0p75,flat,2,0.709990517513818,1.79175946922805,0,0
H1034,SP,1p0,flat,1,0.740743633514963,1.89711998488588,0,0
H1034,SP,1p0,flat,2,0.850520931082332,1.87180217690159,1,2
H1035,SP,0p25,flat,1,0.752140980690849,2.35137525716348,0,0
H1035,SP,0p25,flat,2,0.565736987679952,1.99243016469021,0,0
H1035,SP,0p5,flat,1,0.440587764540303,2.89037175789616,1,2
H1035,SP,0p5,flat,2,0.685739679650161,2.70805020110221,0,0
H1035,SP,0p75,flat,1,0.35589088360862,1.70474809223843,1,2
H1035,SP,0p75,flat,2,0.523764570917715,2.07944154167984,0,0
H1035,SP,1p0,flat,1,0.522354270693245,3.25809653802148,0,0
H1035,SP,1p0,flat,2,0.524354371799486,0.885038188370051,1,2
H1036,SP,0p25,flat,1,0.744326979919641,1.84582669049833,1,2
H1036,SP,0p25,flat,2,0.600919338091201,2.63905732961526,0,0
H1036,SP,0p5,flat,1,0.749468350727547,2.19722457733622,0,0
H1036,SP,0p5,flat,2,0.624315437167245,1.67397643357167,1,2
H1036,SP,0p75,flat,1,0.580052956613761,1.6094379124341,0,0
H1036,SP,0p75,flat,2,0.613082935286763,1.48160454092422,0,0
H1036,SP,1p0,flat,1,0.557074930473301,2.94443897916644,0,0
H1036,SP,1p0,flat,2,0.444603770359982,2.07944154167984,0,0
H1037,SP,0p25,flat,1,0.850820669826884,2.35137525716348,1,2
H1037,SP,0p25,flat,2,0.798337592073099,2.60268968544438,1,2
H1037,SP,0p5,flat,1,0.659473078815707,2.03688192726104,1,2
H1037,SP,0p5,flat,2,0.749604487329353,2.94443897916644,1,2
H1037,SP,0p75,flat,1,0.613657781622985,2.52572864430826,0,0
H1037,SP,0p75,flat,2,0.784996487651948,2.19722457733622,2,4
H1037,SP,1p0,flat,1,0.588587713129434,1.34992671694902,0,0
H1037,SP,1p0,flat,2,0.535638037196023,2.63905732961526,0,0
H1038,SP,0p25,flat,1,0.742334649098417,2.56494935746154,2,4
H1038,SP,0p25,flat,2,0.865531205189909,1.6094379124341,0,0
H1038,SP,0p5,flat,1,0.822581994356198,NaN,0,0
H1038,SP,0p5,flat,2,0.926087709923356,1.23676262714893,0,0
H1038,SP,0p75,flat,1,0.463483225360963,2.83321334405622,0,0
H1038,SP,0p75,flat,2,0.72154814819577,2.83321334405622,0,0
H1038,SP,1p0,flat,1,0.613134833540893,1.6094379124341,0,0
H1038,SP,1p0,flat,2,0.590316907338162,2.04769284336526,0,0
H1039,SP,0p25,flat,1,0.698464006079793,2.4423470353692,0,0
H1039,SP,0p25,flat,2,0.741669222244685,2.30258509299405,2,4
H1039,SP,0p5,flat,1,0.497897298135699,2.19722457733622,0,0
H1039,SP,0p5,flat,2,0.41759069144222,NaN,0,0
H1039,SP,0p75,flat,1,0.471747050813164,3.46573590279973,0,0
H1039,SP,0p75,flat,2,0.499079348096698,NaN,1,2
H1039,SP,1p0,flat,1,0.400333772799311,1.79175946922805,0,0
H1039,SP,1p0,flat,2,0.325747986400265,1.89711998488588,0,0
H1041,SP,0p25,flat,1,0.598262860282569,1.57553636075842,2,4
H1041,SP,0p25,flat,2,0.627900221911166,NaN,0,0
H1041,SP,0p5,flat,1,0.648337912767509,NaN,0,0
H1041,SP,0p5,flat,2,0.54034047334021,1.89711998488588,1,2
H1041,SP,0p75,flat,1,0.688098627575765,1.58045037556085,0,0
H1041,SP,0p75,flat,2,0.641446461856781,2.56494935746154,0,0
H1041,SP,1p0,flat,1,0.569916779675443,1.90954250488444,0,0
H1041,SP,1p0,flat,2,0.751561783552693,3.17805383034795,0,0
H1042,SP,0p25,flat,1,0.888546100682156,1.79175946922805,1,2
H1042,SP,0p25,flat,2,0.72035357004437,1.65822807660353,0,0
H1042,SP,0p5,flat,1,0.81169283869182,1.52605630349505,0,0
H1042,SP,0p5,flat,2,0.651948400331613,1.6094379124341,1,2
H1042,SP,0p75,flat,1,0.690608293470562,2.70805020110221,0,0
H1042,SP,0p75,flat,2,0.697504843863197,1.56861591791385,0,0
H1042,SP,1p0,flat,1,0.440762186990829,1.43508452528932,0,0
H1042,SP,1p0,flat,2,0.728014093744582,1.83258146374831,0,0
H1044,SP,0p25,flat,1,0.584588122501586,2.94443897916644,1,2
H1044,SP,0p25,flat,2,0.569365368277175,1.26369203902756,0,0
H1044,SP,0p5,flat,1,0.608337447023333,1.38629436111989,0,0
H1044,SP,0p5,flat,2,0.669690738253007,2.15948424935337,0,0
H1044,SP,0p75,flat,1,0.465050244612666,2.484906649788,0,0
H1044,SP,0p75,flat,2,0.483689425391787,1.79175946922805,0,0
H1044,SP,1p0,flat,1,0.636182651433332,3.17805383034795,0,0
H1044,SP,1p0,flat,2,0.681702458907573,1.73460105538811,0,0
H1045,SP,0p25,flat,1,0.820886537219292,2.2512917986065,1,2
H1045,SP,0p25,flat,2,0.814441328386256,1.73460105538811,2,4
H1045,SP,0p5,flat,1,0.617842162362153,1.99243016469021,1,2
H1045,SP,0p5,flat,2,0.563607437436103,1.94591014905531,0,0
H1045,SP,0p75,flat,1,0.574721092993134,1.99243016469021,0,0
H1045,SP,0p75,flat,2,0.814405863913154,1.42138568093116,0,0
H1045,SP,1p0,flat,1,0.782349184077558,1.00330210886378,0,0
H1045,SP,1p0,flat,2,0.741796510387954,1.99243016469021,0,0
H1046,SP,0p25,flat,1,0.910321091515311,2.30258509299405,2,4
H1046,SP,0p25,flat,2,0.906485398133737,1.20397280432594,0,0
H1046,SP,0p5,flat,1,0.728847342953875,3.17805383034795,0,0
H1046,SP,0p5,flat,2,0.786577657931091,NaN,0,0
H1046,SP,0p75,flat,1,0.526019981654379,2.2512917986065,0,0
H1046,SP,0p75,flat,2,0.771358629446811,2.94443897916644,0,0
H1046,SP,1p0,flat,1,0.862131717577699,1.99243016469021,0,0
H1046,SP,1p0,flat,2,0.729999910910614,1.74919985480926,0,0
H1047,SP,0p25,flat,1,0.679154824109892,0.894629235092976,4,8
H1047,SP,0p25,flat,2,NaN,NaN,0,0
H1047,SP,0p5,flat,1,0.733976393305675,1.67397643357167,0,0
H1047,SP,0p5,flat,2,0.62698523088357,1.55814461804655,0,0
H1047,SP,0p75,flat,1,0.602375188358477,2.15948424935337,0,0
H1047,SP,0p75,flat,2,0.673191006276003,2.89037175789616,0,0
H1047,SP,1p0,flat,1,0.5874903169847,2.484906649788,0,0
H1047,SP,1p0,flat,2,0.501786899728502,2.2512917986065,0,0
H1048,SP,0p25,flat,1,0.651940624005106,1.18562366565774,0,0
H1048,SP,0p25,flat,2,0.755776812768333,1.27296567581289,3,6
H1048,SP,0p5,flat,1,0.614665556917587,1.36524095192206,1,2
H1048,SP,0p5,flat,2,0.592037257270922,1.76358859226136,1,2
H1048,SP,0p75,flat,1,0.590017900078574,3.3322045101752,1,2
H1048,SP,0p75,flat,2,0.773504884873987,1.73460105538811,1,2
H1048,SP,1p0,flat,1,0.768905108043836,1.87180217690159,0,0
H1048,SP,1p0,flat,2,0.307341907200722,1.75785791755237,1,2
H2002,SP,0p25,flat,1,0.330648903600545,1.79175946922805,1,2
H2002,SP,0p25,flat,2,0.791226904801304,1.04380405217311,2,4
H2002,SP,0p5,flat,1,0.721198895726538,3.04452243772342,0,0
H2002,SP,0p5,flat,2,0.632669333792915,1.13943428318836,1,2
H2002,SP,0p75,flat,1,0.77290128104752,2.70805020110221,0,0
H2002,SP,0p75,flat,2,0.40232990790003,1.52605630349505,0,0
H2002,SP,1p0,flat,1,0.573390149128055,2.39789527279837,0,0
H2002,SP,1p0,flat,2,0.533017960756103,2.07944154167984,0,0
H2007,SP,0p25,flat,1,0.711907023923385,NaN,0,0
H2007,SP,0p25,flat,2,0.43555948576942,1.34992671694902,1,2
H2007,SP,0p5,flat,1,0.55718954078312,1.38629436111989,1,2
H2007,SP,0p5,flat,2,0.64248121704951,1.17865499634165,1,2
H2007,SP,0p75,flat,1,0.742231140722736,2.35137525716348,0,0
H2007,SP,0p75,flat,2,0.667510433920203,1.74919985480926,1,2
H2007,SP,1p0,flat,1,0.524939459389951,1.64865862558738,0,0
H2007,SP,1p0,flat,2,0.579142079375817,1.29928298413026,0,0
H2008,SP,0p25,flat,1,0.93770322179301,2.67414864942653,0,0
H2008,SP,0p25,flat,2,0.856233175249987,1.75785791755237,0,0
H2008,SP,0p5,flat,1,0.708945276154154,1.63413052502447,0,0
H2008,SP,0p5,flat,2,0.755248155943349,3.3322045101752,1,2
H2008,SP,0p75,flat,1,0.713997312850316,2.12026353620009,0,0
H2008,SP,0p75,flat,2,0.240500732277055,2.99573227355399,0,0
H2008,SP,1p0,flat,1,0.709326052186383,1.44691898293633,0,0
H2008,SP,1p0,flat,2,0.7146169656614,2.94443897916644,0,0
H2010,SP,0p25,flat,1,0.711067859631095,1.6094379124341,0,0
H2010,SP,0p25,flat,2,0.679024196417093,1.89711998488588,0,0
H2010,SP,0p5,flat,1,0.675393635306874,1.81915844341617,1,2
H2010,SP,0p5,flat,2,0.496422361873484,2.4423470353692,1,2
H2010,SP,0p75,flat,1,0.777389758768855,2.30258509299405,1,2
H2010,SP,0p75,flat,2,0.575853125462172,2.94443897916644,0,0
H2010,SP,1p0,flat,1,0.682835457550208,1.87180217690159,0,0
H2010,SP,1p0,flat,2,0.862539476296436,1.47590651980958,0,0
H2013,SP,0p25,flat,1,0.577578497731666,1.50407739677627,0,0
H2013,SP,0p25,flat,2,0.681023334602847,2.99573227355399,1,2
H2013,SP,0p5,flat,1,0.849833410501325,1.88273124743378,0,0
H2013,SP,0p5,flat,2,0.672168207655818,2.35137525716348,1,2
H2013,SP,0p75,flat,1,0.707641262925827,1.6094379124341,0,0
H2013,SP,0p75,flat,2,0.711251870854992,2.03688192726104,1,2
H2013,SP,1p0,flat,1,0.662897461547421,2.89037175789616,0,0
H2013,SP,1p0,flat,2,0.83948720768512,1.68639895357023,0,0
H2015,SP,0p25,flat,1,0.777941101851818,1.50407739677627,0,0
H2015,SP,0p25,flat,2,0.745102726696155,2.77258872223978,1,2
H2015,SP,0p5,flat,1,0.856559313909671,1.47590651980958,0,0
H2015,SP,0p5,flat,2,0.50901627856867,1.89711998488588,1,2
H2015,SP,0p75,flat,1,0.904735439325436,1.21639532432449,0,0
H2015,SP,0p75,flat,2,0.770962732495705,2.15948424935337,0,0
H2015,SP,1p0,flat,1,0.449005408640025,2.15948424935337,0,0
H2015,SP,1p0,flat,2,0.687627492237489,1.55059741241117,0,0
H2017,SP,0p25,flat,1,0.71417137281147,1.94591014905531,1,2
H2017,SP,0p25,flat,2,0.721363224706951,NaN,1,2
H2017,SP,0p5,flat,1,0.579397902532851,3.04452243772342,0,0
H2017,SP,0p5,flat,2,0.538345719416948,2.12026353620009,1,2
H2017,SP,0p75,flat,1,0.714337649475166,2.14006616349627,0,0
H2017,SP,0p75,flat,2,0.789801628653707,3.17805383034795,0,0
H2017,SP,1p0,flat,1,0.842708683272552,1.79175946922805,0,0
H2017,SP,1p0,flat,2,0.724128116116047,NaN,1,2
H2020,SP,0p25,flat,1,0.92900500069466,2.14006616349627,0,0
H2020,SP,0p25,flat,2,0.781322352995465,2.04769284336526,0,0
H2020,SP,0p5,flat,1,0.558197854235021,1.50407739677627,0,0
H2020,SP,0p5,flat,2,0.700415566605903,1.94591014905531,0,0
H2020,SP,0p75,flat,1,0.712476168952394,2.30258509299405,1,2
H2020,SP,0p75,flat,2,0.537793035588034,1.6094379124341,0,0
H2020,SP,1p0,flat,1,0.472757851499839,2.2512917986065,0,0
H2020,SP,1p0,flat,2,0.599538609563875,1.42711635564015,0,0
H2021,SP,0p25,flat,1,0.963163638361882,1.38629436111989,0,0
H2021,SP,0p25,flat,2,0.847115916901376,2.484906649788,0,0
H2021,SP,0p5,flat,1,0.771168145463959,1.64865862558738,0,0
H2021,SP,0p5,flat,2,0.859242690753418,1.75785791755237,0,0
H2021,SP,0p75,flat,1,0.410303241339795,3.04452243772342,0,0
H2021,SP,0p75,flat,2,0.912628854547282,2.70805020110221,0,0
H2021,SP,1p0,flat,1,0.98147733063854,1.0857088838322,0,0
H2021,SP,1p0,flat,2,0.477646383646546,1.34992671694902,0,0
H2022,SP,0p25,flat,1,0.861866146244915,3.09104245335832,0,0
H2022,SP,0p25,flat,2,0.807489194895596,2.12026353620009,0,0
H2022,SP,0p5,flat,1,0.625467833173897,1.38629436111989,0,0
H2022,SP,0p5,flat,2,0.70594755131467,NaN,0,0
H2022,SP,0p75,flat,1,0.474921977188365,1.94591014905531,0,0
H2022,SP,0p75,flat,2,0.539451575970698,1.66500776358891,0,0
H2022,SP,1p0,flat,1,0.559749280866933,1.79175946922805,0,0
H2022,SP,1p0,flat,2,0.651222309951877,1.28093384546206,0,0
H2023,SP,0p25,flat,1,0.906934996026508,1.17272026082183,0,0
H2023,SP,0p25,flat,2,0.920336874114663,1.35454566280531,0,0
H2023,SP,0p5,flat,1,0.803677071688396,1.33500106673234,2,4
H2023,SP,0p5,flat,2,0.844529562661918,1.76766191764899,1,2
H2023,SP,0p75,flat,1,0.665468678137724,2.70805020110221,0,0
H2023,SP,0p75,flat,2,0.456264220223077,1.89711998488588,0,0
H2023,SP,1p0,flat,1,0.634607365565009,1.79175946922805,2,4
H2023,SP,1p0,flat,2,0.70835591537166,1.65822807660353,0,0
H2025,SP,0p25,flat,1,0.65329631102299,2.19722457733622,0,0
H2025,SP,0p25,flat,2,0.972324915932794,0.958254930973187,0,0
H2025,SP,0p5,flat,1,0.729530325911502,1.94591014905531,0,0
H2025,SP,0p5,flat,2,0.962104864065633,1.21924027645672,0,0
H2025,SP,0p75,flat,1,0.49856075267546,2.70805020110221,0,0
H2025,SP,0p75,flat,2,0.711046112592375,1.55814461804655,0,0
H2025,SP,1p0,flat,1,0.640459723028783,1.46633706879343,0,0
H2025,SP,1p0,flat,2,0.769020548361373,1.79175946922805,0,0
H2026,SP,0p25,flat,1,0.908392784217738,2.30258509299405,0,0
H2026,SP,0p25,flat,2,0.648139444723855,1.70474809223843,0,0
H2026,SP,0p5,flat,1,0.652178944037463,2.2512917986065,2,4
H2026,SP,0p5,flat,2,0.636358293800017,1.55814461804655,1,2
H2026,SP,0p75,flat,1,0.613892468396474,0.944461608840852,0,0
H2026,SP,0p75,flat,2,0.783431989095576,1.44691898293633,0,0
H2026,SP,1p0,flat,1,0.503424118765093,NaN,1,2
H2026,SP,1p0,flat,2,0.560100801218395,2.83321334405622,2,4
H2027,SP,0p25,flat,1,0.422228070503313,1.82454929205105,0,0
H2027,SP,0p25,flat,2,0.620040048358999,1.65822807660353,1,2
H2027,SP,0p5,flat,1,0.373240628344231,1.64865862558738,1,2
H2027,SP,0p5,flat,2,0.475517809800355,1.28093384546206,2,4
H2027,SP,0p75,flat,1,0.485531877081405,1.55814461804655,0,0
H2027,SP,0p75,flat,2,0.632617943953367,2.35137525716348,0,0
H2027,SP,1p0,flat,1,0.671622328867784,1.57553636075842,0,0
H2027,SP,1p0,flat,2,0.673175228693686,2.30258509299405,0,0
H2033,SP,0p25,flat,1,0.875036803050932,1.99243016469021,3,6
H2033,SP,0p25,flat,2,0.911114170860605,1.29928298413026,1,2
H2033,SP,0p5,flat,1,0.78466787523466,2.07944154167984,0,0
H2033,SP,0p5,flat,2,0.775506296054,2.30258509299405,0,0
H2033,SP,0p75,flat,1,0.879126214827528,1.38629436111989,1,2
H2033,SP,0p75,flat,2,0.654053244136323,3.13549421592915,0,0
H2033,SP,1p0,flat,1,0.615939378034267,2.2512917986065,0,0
H2033,SP,1p0,flat,2,0.683846426004401,2.07944154167984,0,0
H2034,SP,0p25,flat,1,0.694081470989698,2.04769284336526,1,2
H2034,SP,0p25,flat,2,0.604927416547134,1.98100146886658,2,4
H2034,SP,0p5,flat,1,0.6582093613932,1.54044504094715,0,0
H2034,SP,0p5,flat,2,0.621849263026239,2.94443897916644,0,0
H2034,SP,0p75,flat,1,0.459870912802285,2.30258509299405,0,0
H2034,SP,0p75,flat,2,0.593420299224016,2.19722457733622,0,0
H2034,SP,1p0,flat,1,0.66166313643629,2.70805020110221,0,0
H2034,SP,1p0,flat,2,0.59097879016118,NaN,0,0
H2036,SP,0p25,flat,1,0.829140892868993,NaN,0,0
H2036,SP,0p25,flat,2,0.754814109309403,1.84582669049833,2,4
H2036,SP,0p5,flat,1,0.590941392876153,1.56861591791385,1,2
H2036,SP,0p5,flat,2,0.414961348751524,1.6094379124341,0,0
H2036,SP,0p75,flat,1,0.553825176996947,1.89711998488588,1,2
H2036,SP,0p75,flat,2,0.5565342120468,2.484906649788,0,0
H2036,SP,1p0,flat,1,0.576298239640238,1.52605630349505,1,2
H2036,SP,1p0,flat,2,0.583389033216414,1.6094379124341,0,0
H2037,SP,0p25,flat,1,0.461170987444158,1.87180217690159,1,2
H2037,SP,0p25,flat,2,0.695662986098475,0.847297860387204,1,2
H2037,SP,0p5,flat,1,0.729987604396406,1.68639895357023,1,2
H2037,SP,0p5,flat,2,0.650687393214262,2.14006616349627,1,2
H2037,SP,0p75,flat,1,0.47839450687393,1.6094379124341,0,0
H2037,SP,0p75,flat,2,0.381267490310844,1.65822807660353,0,0
H2037,SP,1p0,flat,1,0.742277266565968,2.14006616349627,0,0
H2037,SP,1p0,flat,2,0.389338073143119,1.33500106673234,0,0
H2038,SP,0p25,flat,1,0.429093535108579,2.15948424935337,1,2
H2038,SP,0p25,flat,2,0.744603969667669,1.23214368129263,1,2
H2038,SP,0p5,flat,1,0.598692277276602,1.94591014905531,0,0
H2038,SP,0p5,flat,2,0.729709307362986,1.89711998488588,1,2
H2038,SP,0p75,flat,1,0.429850486811111,2.14006616349627,1,2
H2038,SP,0p75,flat,2,0.756338559296297,1.65822807660353,0,0
H2038,SP,1p0,flat,1,0.370398752557485,2.15948424935337,0,0
H2038,SP,1p0,flat,2,0.752129671487147,2.2512917986065,0,0
H2039,SP,0p25,flat,1,0.633928024231389,1.73460105538811,0,0
H2039,SP,0p25,flat,2,0.371049066392751,1.66770682055808,1,2
H2039,SP,0p5,flat,1,0.725944160454854,NaN,1,2
H2039,SP,0p5,flat,2,0.721909671395002,3.04452243772342,0,0
H2039,SP,0p75,flat,1,0.700238199626317,1.38629436111989,1,2
H2039,SP,0p75,flat,2,0.785250677747885,2.03688192726104,0,0
H2039,SP,1p0,flat,1,0.744004074386325,1.56861591791385,0,0
H2039,SP,1p0,flat,2,0.585974515157728,1.17498526745268,1,2
H2041,SP,0p25,flat,1,0.766373557550249,2.03688192726104,0,0
H2041,SP,0p25,flat,2,0.645346802429619,2.4423470353692,0,0
H2041,SP,0p5,flat,1,0.693705774920718,1.32175583998232,1,2
H2041,SP,0p5,flat,2,0.914261423960572,1.45528723260684,1,2
H2041,SP,0p75,flat,1,0.796924270639126,0.23834471264626,2,4
H2041,SP,0p75,flat,2,0.471376131238766,0.889622484791994,2,4
H2041,SP,1p0,flat,1,0.691269461074164,1.17865499634165,2,4
H2041,SP,1p0,flat,2,0.753667544269625,1.89711998488588,1,2
H2042,SP,0p25,flat,1,0.55795145951952,1.14862270924277,1,2
H2042,SP,0p25,flat,2,0.627220505075735,1.94591014905531,2,4
H2042,SP,0p5,flat,1,0.776262458180322,2.42774823594805,0,0
H2042,SP,0p5,flat,2,0.824009969190704,1.99243016469021,1,2
H2042,SP,0p75,flat,1,0.812890708060833,NaN,0,0
H2042,SP,0p75,flat,2,0.433128938292273,1.84582669049833,0,0
H2042,SP,1p0,flat,1,0.309548006370243,3.04452243772342,0,0
H2042,SP,1p0,flat,2,0.629377354951927,1.50407739677627,0,0
H2052,SP,0p25,flat,1,0.596062639947108,1.82454929205105,1,2
H2052,SP,0p25,flat,2,0.56118711215927,1.58045037556085,1,2
H2052,SP,0p5,flat,1,0.674478170719443,2.30258509299405,0,0
H2052,SP,0p5,flat,2,0.693469641907578,NaN,0,0
H2052,SP,0p75,flat,1,0.663532487625752,1.79175946922805,0,0
H2052,SP,0p75,flat,2,0.623769080636808,2.83321334405622,1,2
H2052,SP,1p0,flat,1,0.484462464186794,1.22377543162212,0,0
H2052,SP,1p0,flat,2,0.754999246109276,2.14006616349627,0,0
H2059,SP,0p25,flat,1,0.501309607647648,1.74296930505862,1,2
H2059,SP,0p25,flat,2,0.648836910990846,1.34992671694902,0,0
H2059,SP,0p5,flat,1,0.536871818108365,1.84582669049833,1,2
H2059,SP,0p5,flat,2,0.61629835730167,NaN,1,2
H2059,SP,0p75,flat,1,0.566583693145387,1.70474809223843,0,0
H2059,SP,0p75,flat,2,0.617484211077433,1.55814461804655,0,0
H2059,SP,1p0,flat,1,0.693876700278257,1.09861228866811,0,0
H2059,SP,1p0,flat,2,0.5033856084518,1.41706601978664,0,0
H2062,SP,0p25,flat,1,0.619789577961703,2.39789527279837,0,0
H2062,SP,0p25,flat,2,0.583223263573109,2.89037175789616,0,0
H2062,SP,0p5,flat,1,0.492236302529682,2.83321334405622,1,2
H2062,SP,0p5,flat,2,0.573278082285335,NaN,0,0
H2062,SP,0p75,flat,1,0.428218851969781,1.83258146374831,0,0
H2062,SP,0p75,flat,2,0.612632523651824,1.83258146374831,1,2
H2062,SP,1p0,flat,1,0.443173455610102,2.03688192726104,0,0
H2062,SP,1p0,flat,2,0.548476062600013,1.79175946922805,1,2
H2072,SP,0p25,flat,1,0.892342322688868,1.67397643357167,0,0
H2072,SP,0p25,flat,2,0.738521615949945,1.48807705542983,0,0
H2072,SP,0p5,flat,1,0.557543647821568,1.79175946922805,0,0
H2072,SP,0p5,flat,2,0.754285904201945,1.48807705542983,0,0
H2072,SP,0p75,flat,1,0.620896618647405,NaN,0,0
H2072,SP,0p75,flat,2,0.900186373364354,1.87180217690159,1,2
H2082,SP,0p25,flat,1,0.628775294493675,NaN,0,0
H2082,SP,0p25,flat,2,0.520613011165162,1.65822807660353,1,2
H2082,SP,0p5,flat,1,0.479755667016614,2.83321334405622,0,0
H2082,SP,0p5,flat,2,0.50215608214229,1.75785791755237,0,0
H2082,SP,0p75,flat,1,0.723523368124406,2.30258509299405,0,0
H2082,SP,0p75,flat,2,0.682366910757839,1.6094379124341,0,0
H2082,SP,1p0,flat,1,0.764357907508833,2.94443897916644,0,0
H2082,SP,1p0,flat,2,0.83406158711767,NaN,1,2
H2090,SP,0p25,flat,1,0.745766739841333,1.29928298413026,0,0
H2090,SP,0p25,flat,2,0.723878912572636,3.29583686600433,1,2
H2090,SP,0p5,flat,1,0.913586000300558,1.73460105538811,2,4
H2090,SP,0p5,flat,2,0.870596847785261,1.16315080980568,1,2
H2090,SP,0p75,flat,1,0.488502768412701,2.484906649788,1,2
H2090,SP,0p75,flat,2,0.675208008681618,2.30258509299405,0,0
H2090,SP,1p0,flat,1,0.397349447518913,3.13549421592915,0,0
H2090,SP,1p0,flat,2,0.54117629761824,1.38629436111989,4,8
H2095,SP,0p25,flat,1,0.860959210381805,1.88706964903238,0,0
H2095,SP,0p25,flat,2,NaN,NaN,0,0
H2095,SP,0p5,flat,1,0.762053064375234,1.32913594727994,1,2
H2095,SP,0p5,flat,2,0.946308841263232,1.52605630349505,0,0
H2095,SP,0p75,flat,1,0.742383679503932,1.79175946922805,0,0
H2095,SP,0p75,flat,2,0.566035045496221,2.07944154167984,1,2
H2095,SP,1p0,flat,1,0.554263015362679,2.35137525716348,0,0
H2095,SP,1p0,flat,2,0.88910424834127,1.70474809223843,0,0
H2111,SP,0p25,flat,1,NaN,NaN,0,0
H2111,SP,0p25,flat,2,0.908710343962265,1.79175946922805,0,0
H2111,SP,0p5,flat,1,0.841252132192489,1.6094379124341,0,0
H2111,SP,0p5,flat,2,0.86667533922724,1.94591014905531,0,0
H2111,SP,0p75,flat,1,0.899361590140836,1.75785791755237,1,2
H2111,SP,0p75,flat,2,0.692589477278841,1.38629436111989,0,0
H2111,SP,1p0,flat,1,0.483631266295566,2.07944154167984,0,0
H2111,SP,1p0,flat,2,0.750230267140297,2.03688192726104,0,0
H2117,SP,0p25,flat,1,0.631996103658337,1.6094379124341,0,0
H2117,SP,0p5,flat,1,0.721482433984505,1.54044504094715,0,0
H2117,SP,0p75,flat,1,0.933419527330827,1.16760516015506,2,4
H2117,SP,1p0,flat,1,0.655115365882512,1.94591014905531,1,2
H2117,SP,1p0,flat,2,0.829987817686971,1.79175946922805,1,2
H3018,SP,0p25,flat,1,0.942520583333932,1.14862270924277,0,0
H3018,SP,0p25,flat,2,0.825233920134822,1.28093384546206,0,0
H3018,SP,0p75,flat,1,0.765375138199306,2.03688192726104,0,0
H3018,SP,0p75,flat,2,0.597223803084552,1.67397643357167,0,0
H3018,SP,1p0,flat,1,0.846628855731924,1.6094379124341,1,2
H3018,SP,1p0,flat,2,0.621355908018868,2.07944154167984,1,2
H3024,SP,0p25,flat,1,0.692094740629284,0.80866006768179,1,2
H3024,SP,0p5,flat,1,0.498939644227679,0.835117441830333,2,4
H3029,SP,0p25,flat,1,0.59596788429559,1.50407739677627,1,2
H3029,SP,0p25,flat,2,0.668577311712855,1.83258146374831,0,0
H3029,SP,0p5,flat,1,0.621172995416609,2.83321334405622,0,0
H3029,SP,0p5,flat,2,0.639167771401971,2.01490302054226,1,2
H3029,SP,0p75,flat,1,0.653068948393752,2.15948424935337,0,0
H3029,SP,0p75,flat,2,0.616649562101485,2.36712361413162,0,0
H3029,SP,1p0,flat,1,0.635665755994307,1.68639895357023,0,0
H3029,SP,1p0,flat,2,0.564465183026591,1.54044504094715,0,0
H3034,SP,0p25,flat,1,0.505330285862396,1.79175946922805,0,0
H3034,SP,0p25,flat,2,0.404930199855874,2.04769284336526,0,0
H3034,SP,0p5,flat,1,0.660396483779323,1.01160091167848,0,0
H3034,SP,0p5,flat,2,0.654144520354592,1.79175946922805,1,2
H3034,SP,0p75,flat,1,0.744859950368162,1.65822807660353,0,0
H3034,SP,0p75,flat,2,0.31521607563106,2.2512917986065,0,0
H3034,SP,1p0,flat,1,0.616093477843416,NaN,0,0
H3034,SP,1p0,flat,2,0.445852509535712,1.83258146374831,1,2
H3039,SP,0p25,flat,1,0.687000266186893,1.79175946922805,0,0
H3039,SP,0p25,flat,2,0.672168207655818,1.94591014905531,0,0
H3039,SP,0p5,flat,1,0.70223481758147,1.79175946922805,1,2
H3039,SP,0p5,flat,2,0.785336228957713,1.56861591791385,0,0
H3039,SP,0p75,flat,1,0.601376842899599,1.64865862558738,0,0
H3039,SP,0p75,flat,2,0.432112952613377,NaN,0,0
H3039,SP,1p0,flat,1,0.816354521735902,2.30258509299405,0,0
H3039,SP,1p0,flat,2,0.62045054898453,2.70805020110221,0,0
H3042,SP,0p25,flat,1,0.93742932110506,1.29928298413026,0,0
H3042,SP,0p25,flat,2,0.600594872924122,1.26851132546351,0,0
H3042,SP,0p5,flat,1,0.856101435923112,1.6094379124341,0,0
H3042,SP,0p5,flat,2,0.545540143592786,1.89711998488588,0,0
H3042,SP,0p75,flat,1,0.60812456956238,1.84582669049833,1,2
H3042,SP,0p75,flat,2,0.865748719726455,1.35454566280531,1,2
H3042,SP,1p0,flat,1,0.644293273075757,1.29928298413026,0,0
H3042,SP,1p0,flat,2,0.572030036486713,1.09861228866811,0,0
H3046,SP,0p25,flat,1,0.425764099497128,1.79175946922805,0,0
H3046,SP,0p25,flat,2,0.565300809329656,2.35137525716348,0,0
H3046,SP,0p5,flat,1,0.82901658225061,1.5910887737659,1,2
H3046,SP,0p5,flat,2,0.534280170129873,1.13943428318836,0,0
H3047,SP,0p25,flat,1,0.559262996725983,2.35137525716348,0,0
H3047,SP,0p25,flat,2,0.602904707257547,NaN,1,2
H3047,SP,0p5,flat,1,0.563400804551692,1.89711998488588,0,0
H3047,SP,0p5,flat,2,0.376317949343769,2.15948424935337,1,2
H3053,SP,0p25,flat,1,0.957350722994982,1.58045037556085,0,0
H3053,SP,0p25,flat,2,0.855209130224035,2.35137525716348,0,0
H3053,SP,0p5,flat,1,0.837168903648079,2.80336038090653,1,2
H3053,SP,0p75,flat,1,0.581343834714353,1.94591014905531,0,0
H3053,SP,0p75,flat,2,0.545021812138168,0.236873744126112,1,2
H3063,SP,0p25,flat,1,0.551069677780447,1.38629436111989,1,2
H3063,SP,0p25,flat,2,0.58406042534398,2.04769284336526,0,0
H3063,SP,0p5,flat,1,0.436771390448111,1.84582669049833,1,2
H3063,SP,0p5,flat,2,0.454767000159032,NaN,0,0
H3063,SP,0p75,flat,1,0.659129318989934,NaN,1,2
H3063,SP,0p75,flat,2,0.321405021672514,1.79175946922805,0,0
H3072,SP,0p25,flat,1,0.72684369038124,3.17805383034795,0,0
H3072,SP,0p25,flat,2,0.653722932201552,2.60268968544438,0,0
H3072,SP,0p5,flat,1,0.619948998928954,1.65822807660353,0,0
H3072,SP,0p5,flat,2,0.623513203106367,NaN,0,0
H3072,SP,0p75,flat,1,0.70539775717668,2.07944154167984,1,2
H3072,SP,0p75,flat,2,0.497777286269495,1.94591014905531,0,0
H3072,SP,1p0,flat,1,0.547364093917761,1.94591014905531,1,2
H3072,SP,1p0,flat,2,0.578186462584125,1.31218638896617,0,0
H3073,SP,0p25,flat,1,0.195479822644479,1.29532258291416,0,0
H3073,SP,0p25,flat,2,0.162610459759469,2.15948424935337,1,2
H3073,SP,0p5,flat,1,0.650272558052347,NaN,1,2
H3073,SP,0p75,flat,1,0.752720982741305,2.94443897916644,0,0
H3073,SP,0p75,flat,2,0.461872126472063,2.14006616349627,0,0
H3077,SP,0p5,flat,1,0.681174524737685,1.89711998488588,1,2
H3077,SP,0p5,flat,2,0.571595036691609,2.30258509299405,0,0
H3077,SP,0p75,flat,1,0.786260827347879,2.04769284336526,0,0
H3077,SP,0p75,flat,2,0.499222947797014,1.79175946922805,0,0
H3077,SP,1p0,flat,1,0.353880946027935,1.99243016469021,1,2
H3077,SP,1p0,flat,2,0.681550927660941,2.23359222150709,0,0
H3092,SP,0p25,flat,1,0.731879396001696,1.94591014905531,1,2
H3092,SP,0p25,flat,2,0.630176907056176,NaN,1,2
H3092,SP,0p5,flat,1,0.692205589414766,2.01490302054226,0,0
H3092,SP,0p5,flat,2,0.852678589588663,2.83321334405622,1,2
H3092,SP,0p75,flat,1,0.390854606455057,2.19722457733622,0,0
H3092,SP,0p75,flat,2,0.514743802128121,1.48160454092422,1,2
H3103,SP,0p25,flat,1,0.764707342152211,1.45528723260684,0,0
H3103,SP,0p25,flat,2,0.946569044035458,1.55814461804655,0,0
H3103,SP,0p5,flat,1,0.537405333685135,2.19722457733622,0,0
H3103,SP,0p5,flat,2,0.652528548772008,2.12026353620009,0,0
H3103,SP,0p75,flat,1,0.337417367908561,2.484906649788,0,0
H3103,SP,0p75,flat,2,0.699769907970698,2.33537491581704,0,0
H3103,SP,1p0,flat,1,0.591277461885733,2.14006616349627,0,0
H3103,SP,1p0,flat,2,0.777233512371996,1.50407739677627,0,0
H3107,SP,0p25,flat,1,0.856953216704496,NaN,0,0
H3107,SP,0p25,flat,2,0.573926897366463,1.84582669049833,2,4
H3107,SP,0p5,flat,1,0.646653853132998,1.50407739677627,1,2
H3107,SP,0p5,flat,2,0.659117512989899,1.55814461804655,1,2
H3107,SP,0p75,flat,1,0.782468043878179,3.13549421592915,0,0
H3107,SP,0p75,flat,2,0.628756291220669,1.79175946922805,0,0
H3107,SP,1p0,flat,1,0.792178130359555,1.84582669049833,0,0
H3107,SP,1p0,flat,2,0.662393210946017,NaN,0,0
H3120,SP,0p25,flat,1,0.771407931254625,1.52605630349505,0,0
H3120,SP,0p25,flat,2,0.7226746810504,1.55814461804655,0,0
H3120,SP,0p5,flat,1,0.497017671199532,3.09104245335832,2,4
H3120,SP,0p5,flat,2,0.895087347821414,1.41706601978664,1,2
H3120,SP,0p75,flat,1,0.687471477276153,1.64865862558738,0,0
H3120,SP,0p75,flat,2,0.503377587212601,1.89711998488588,0,0
H3120,SP,1p0,flat,1,0.751303945326529,1.81528996663825,1,2
H3120,SP,1p0,flat,2,0.719356761447486,1.68639895357023,1,2
NH3002,SP,0p25,flat,1,0.668021130326224,1.54044504094715,0,0
NH3002,SP,0p5,flat,1,0.666948664620471,2.83321334405622,0,0
NH3002,SP,0p75,flat,1,0.54423451728675,2.30258509299405,0,0
NH3002,SP,1p0,flat,1,0.666894927894599,3.13549421592915,0,0
NH3006,SP,0p25,flat,1,0.379102879908963,1.79175946922805,1,2
NH3006,SP,0p25,flat,2,0.45528306791399,2.14006616349627,0,0
NH3006,SP,0p5,flat,1,0.612999868058599,1.33500106673234,0,0
NH3006,SP,0p5,flat,2,0.488648110850386,1.67397643357167,0,0
NH3007,SP,0p25,flat,1,0.830376209713869,1.65822807660353,2,4
NH3007,SP,0p25,flat,2,0.539662993714831,1.94591014905531,1,2
NH3007,SP,0p5,flat,1,0.671260310731139,3.04452243772342,1,2
NH3007,SP,0p5,flat,2,0.591274766451935,1.6094379124341,0,0
NH3007,SP,0p75,flat,1,0.621965017036502,2.484906649788,0,0
NH3007,SP,0p75,flat,2,0.499472544966706,1.79175946922805,0,0
NH3007,SP,1p0,flat,1,0.735794137626695,0.132457855215998,1,2
NH3008,SP,0p25,flat,1,0.868476642796282,2.77258872223978,0,0
NH3008,SP,0p25,flat,2,0.633509105022539,1.54044504094715,0,0
NH3008,SP,0p5,flat,1,0.562548942907293,1.90954250488444,0,0
NH3008,SP,0p5,flat,2,0.77224690500763,2.89037175789616,0,0
NH3008,SP,0p75,flat,1,0.567384505597301,2.52572864430826,0,0
NH3008,SP,0p75,flat,2,0.638590706444895,1.6094379124341,1,2
NH3008,SP,1p0,flat,1,0.788083340263072,1.50407739677627,0,0
NH3008,SP,1p0,flat,2,0.559260150719676,2.01490302054226,1,2
NH3010,SP,0p25,flat,1,0.806581385804882,3.13549421592915,0,0
NH3010,SP,0p25,flat,2,0.754073769379476,1.6094379124341,1,2
NH3010,SP,0p5,flat,1,0.962946319476651,0.923670839171778,0,0
NH3010,SP,0p5,flat,2,0.971227645729881,1.02165124753198,0,0
NH3010,SP,0p75,flat,1,0.902109102972885,1.94591014905531,1,2
NH3010,SP,0p75,flat,2,0.665136285142169,2.39789527279837,1,2
NH3010,SP,1p0,flat,1,0.50810547243441,1.58045037556085,0,0
NH3010,SP,1p0,flat,2,0.558094262672676,2.01490302054226,0,0
NH3021,SP,0p25,flat,1,0.500284397543673,2.07944154167984,2,4
NH3021,SP,0p25,flat,2,0.523758476448952,1.6094379124341,1,2
NH3021,SP,0p5,flat,1,0.39810526899817,2.83321334405622,1,2
NH3021,SP,0p5,flat,2,0.568925346610067,1.27296567581289,0,0
NH3021,SP,0p75,flat,1,0.696170447983938,1.04596855518269,1,2
NH3021,SP,1p0,flat,1,0.592634904653425,1.46633706879343,0,0
NH3025,SP,0p25,flat,1,0.709627365900788,NaN,1,2
NH3025,SP,0p25,flat,2,0.722494457840449,3.04452243772342,1,2
NH3025,SP,0p5,flat,1,0.738639312531463,1.68639895357023,2,4
NH3025,SP,0p5,flat,2,NaN,NaN,0,0
NH3026,SP,0p25,flat,1,0.490971794136774,1.94591014905531,0,0
NH3026,SP,0p25,flat,2,0.716734693174935,2.07944154167984,1,2
NH3026,SP,0p5,flat,1,0.666117541550768,1.99243016469021,0,0
NH3026,SP,0p5,flat,2,0.820364580870946,2.4423470353692,0,0
NH3026,SP,0p75,flat,1,0.687030937899864,1.15267950993839,1,2
NH3026,SP,0p75,flat,2,0.822049297633627,2.07944154167984,1,2
NH3026,SP,1p0,flat,1,0.948445959634563,1.04145387482816,1,2
NH3026,SP,1p0,flat,2,0.567454670062712,3.13549421592915,0,0
NH3027,SP,0p25,flat,1,0.679387327582005,1.56861591791385,0,0
NH3027,SP,0p25,flat,2,0.718471549386598,1.76358859226136,1,2
NH3028,SP,0p25,flat,1,NaN,NaN,0,0
NH3028,SP,0p25,flat,2,NaN,NaN,0,0
NH3030,SP,0p25,flat,1,0.637012918470439,1.45528723260684,0,0
NH3030,SP,0p25,flat,2,0.652834845785829,1.50407739677627,3,6
NH3030,SP,0p5,flat,1,0.850530601183447,1.6094379124341,1,2
NH3030,SP,0p5,flat,2,0.742685097782579,2.35137525716348,0,0
NH3030,SP,0p75,flat,1,0.587911659295588,1.94591014905531,0,0
NH3030,SP,0p75,flat,2,0.502700214010384,1.17272026082183,0,0
NH3030,SP,1p0,flat,1,0.716776067619003,1.86075234071501,0,0
NH3030,SP,1p0,flat,2,0.748653845471939,1.74919985480926,0,0
NH3036,SP,0p25,flat,1,0.585307190346818,2.30258509299405,0,0
NH3036,SP,0p25,flat,2,0.712848198301949,2.26868354131836,0,0
NH3036,SP,0p5,flat,1,0.492484102123868,1.79175946922805,0,0
NH3036,SP,0p5,flat,2,0.666500926577021,1.04145387482816,0,0
NH3036,SP,0p75,flat,1,0.729133325691459,2.07944154167984,2,4
NH3036,SP,0p75,flat,2,0.670107590807702,1.56861591791385,1,2
NH3036,SP,1p0,flat,1,0.751134043304374,1.64865862558738,0,0
NH3036,SP,1p0,flat,2,0.79846245479068,2.15948424935337,0,0
NH3040,SP,0p25,flat,1,0.682773074058605,2.03688192726104,0,0
NH3040,SP,0p25,flat,2,0.90848348602977,1.32913594727994,0,0
NH3040,SP,0p5,flat,1,0.4098727749855,1.58412010444981,0,0
NH3040,SP,0p5,flat,2,0.451463455118671,2.2512917986065,0,0
NH3040,SP,0p75,flat,1,0.280238089292532,1.73460105538811,0,0
NH3040,SP,0p75,flat,2,0.246265407744111,1.89711998488588,0,0
NH3040,SP,1p0,flat,1,NaN,NaN,0,0
NH3041,SP,0p25,flat,1,0.685728212438271,1.56861591791385,0,0
NH3041,SP,0p25,flat,2,0.699553470678212,1.70474809223843,0,0
NH3041,SP,0p5,flat,1,0.596132101276081,1.52605630349505,1,2
NH3041,SP,0p5,flat,2,0.579108530984361,1.84582669049833,0,0
NH3041,SP,0p75,flat,1,0.790416198248431,1.65822807660353,0,0
NH3041,SP,0p75,flat,2,0.813306118558446,1.94591014905531,0,0
NH3041,SP,1p0,flat,1,0.418254460139437,2.83321334405622,0,0
NH3041,SP,1p0,flat,2,0.419136981413827,2.94443897916644,1,2
NH3043,SP,0p25,flat,1,0.573671242441676,1.89711998488588,0,0
NH3043,SP,0p25,flat,2,0.635667640939045,2.70805020110221,1,2
NH3043,SP,0p5,flat,1,0.415776906155773,1.79175946922805,1,2
NH3043,SP,0p5,flat,2,0.470618602806347,1.6094379124341,0,0
NH3043,SP,0p75,flat,1,0.573600425495394,1.47907609457086,3,6
NH3043,SP,0p75,flat,2,0.492699855798576,1.52605630349505,0,0
NH3043,SP,1p0,flat,1,0.416689448056453,1.55814461804655,2,4
NH3043,SP,1p0,flat,2,0.610824255174794,1.82812711339893,1,2
NH3051,SP,0p25,flat,1,0.624150286544254,2.30258509299405,1,2
NH3051,SP,0p25,flat,2,0.595989968728265,3.09104245335832,0,0
NH3051,SP,0p5,flat,1,0.67615454000249,0.154448875744184,2,4
NH3051,SP,0p5,flat,2,0.912410966367844,0.144811708044303,1,2
NH3054,SP,0p25,flat,1,0.858133050368291,1.14117190308691,0,0
NH3054,SP,0p25,flat,2,0.642788252983976,2.77258872223978,2,4
NH3054,SP,0p5,flat,1,0.68615260663084,1.89711998488588,0,0
NH3054,SP,0p5,flat,2,0.839722294591109,2.83321334405622,0,0
NH3054,SP,0p75,flat,1,0.912271558996543,1.79175946922805,0,0
NH3054,SP,0p75,flat,2,0.843528163927168,1.6094379124341,0,0
NH3054,SP,1p0,flat,1,0.732415066531314,1.21639532432449,1,2
NH3054,SP,1p0,flat,2,0.899799898348562,1.31218638896617,0,0
NH3055,SP,0p25,flat,1,0.67175712797675,2.83321334405622,2,4
NH3055,SP,0p25,flat,2,0.696401136685536,1.89711998488588,0,0
NH3055,SP,0p5,flat,1,0.290559399777613,1.64865862558738,0,0
NH3055,SP,0p5,flat,2,0.508023575861029,1.87180217690159,0,0
NH3055,SP,0p75,flat,1,0.562675086885388,1.74919985480926,0,0
NH3055,SP,0p75,flat,2,0.315310784344851,2.07944154167984,0,0
NH3055,SP,1p0,flat,1,0.325860751732123,1.6094379124341,0,0
NH3055,SP,1p0,flat,2,0.575431949059881,1.74919985480926,0,0
NH3056,SP,0p25,flat,1,0.69408570839752,2.01490302054226,1,2
NH3056,SP,0p25,flat,2,0.588766652290492,1.56861591791385,0,0
NH3056,SP,0p5,flat,1,0.573273123616607,1.84582669049833,0,0
NH3056,SP,0p5,flat,2,0.573125683387859,1.42711635564015,0,0
NH3056,SP,0p75,flat,1,0.689765509396573,0.0527167821724044,2,4
NH3056,SP,0p75,flat,2,NaN,NaN,0,0
NH3058,SP,0p25,flat,1,0.653009682310754,2.26868354131836,0,0
NH3058,SP,0p25,flat,2,0.702664982326017,1.44691898293633,0,0
NH3058,SP,0p5,flat,1,0.705850707631419,NaN,0,0
NH3058,SP,0p5,flat,2,0.476322123527827,1.99243016469021,0,0
NH3058,SP,0p75,flat,1,0.566185829457069,1.87180217690159,0,0
NH3058,SP,0p75,flat,2,0.61628167674903,2.77258872223978,1,2
NH3058,SP,1p0,flat,1,0.711082424732933,2.35137525716348,0,0
NH3058,SP,1p0,flat,2,0.526652067850951,2.89037175789616,1,2
NH3059,SP,0p25,flat,1,0.709205236337339,NaN,1,2
NH3059,SP,0p25,flat,2,0.686582578512451,1.79175946922805,0,0
NH3059,SP,0p5,flat,1,0.463005583338445,2.01490302054226,0,0
NH3059,SP,0p5,flat,2,0.563016165219262,2.484906649788,0,0
NH3059,SP,0p75,flat,1,0.450454315841621,NaN,0,0
NH3059,SP,0p75,flat,2,0.347798049970342,2.39789527279837,0,0
NH3059,SP,1p0,flat,1,0.458407293179452,2.39789527279837,2,4
NH3059,SP,1p0,flat,2,0.459913263644011,2.30258509299405,0,0
NH3066,SP,0p25,flat,1,0.621193329211504,1.27296567581289,1,2
NH3066,SP,0p25,flat,2,0.662026669127891,2.12026353620009,2,4
NH3066,SP,0p5,flat,1,0.720929799416968,1.52605630349505,0,0
NH3066,SP,0p5,flat,2,0.634401745327191,1.98100146886658,0,0
NH3066,SP,0p75,flat,1,0.825874386342125,1.45528723260684,2,4
NH3066,SP,0p75,flat,2,0.678281376688072,1.49664241828876,1,2
NH3066,SP,1p0,flat,1,0.823329489733399,1.66254773774805,1,2
NH3066,SP,1p0,flat,2,0.624070759628965,0.111449892259361,1,2
NH3068,SP,0p25,flat,1,0.69183410519346,2.94443897916644,0,0
NH3068,SP,0p25,flat,2,0.838937475356215,2.35137525716348,0,0
NH3068,SP,0p5,flat,1,0.853512911859446,2.89037175789616,0,0
NH3068,SP,0p5,flat,2,0.498234345401856,2.89037175789616,0,0
NH3068,SP,0p75,flat,1,0.745709299682369,2.484906649788,0,0
NH3068,SP,0p75,flat,2,0.756867689216386,1.70474809223843,0,0
NH3068,SP,1p0,flat,1,0.97497854215836,0.529946665212769,1,2
NH3068,SP,1p0,flat,2,0.585108189257894,0.181531355251454,1,2
NH3069,SP,0p25,flat,1,0.683060613176842,1.43508452528932,0,0
NH3069,SP,0p25,flat,2,0.770951074279799,1.89711998488588,0,0
NH3069,SP,0p5,flat,1,0.561176158473991,1.89711998488588,0,0
NH3069,SP,0p5,flat,2,0.46715436855066,2.35137525716348,0,0
NH3069,SP,0p75,flat,1,0.461117713124601,2.07944154167984,0,0
NH3069,SP,0p75,flat,2,0.60712664607831,NaN,0,0
NH3069,SP,1p0,flat,1,0.775395484911646,2.19722457733622,0,0
NH3069,SP,1p0,flat,2,0.626534059415137,1.70474809223843,0,0
NH3070,SP,0p25,flat,1,0.769370567170317,0.670674324707887,1,2
NH3070,SP,0p25,flat,2,0.642890860712985,1.68639895357023,0,0
NH3070,SP,0p5,flat,1,0.816291127921353,0.897242536903461,3,6
NH3070,SP,0p5,flat,2,0.643899650048371,0.439041403641769,1,2
NH3070,SP,0p75,flat,1,0.499370434034029,2.33537491581704,0,0
NH3070,SP,0p75,flat,2,0.451223120946645,1.00866405200517,2,4
NH3070,SP,1p0,flat,1,0.577540373144243,0.616029877215514,2,4
NH3070,SP,1p0,flat,2,0.605079737369977,2.01490302054226,0,0
NH3071,SP,0p25,flat,1,0.585080181377083,2.4423470353692,0,0
NH3071,SP,0p25,flat,2,0.662218737839925,1.50407739677627,0,0
NH3074,SP,0p25,flat,1,0.772221738485826,2.30258509299405,2,4
NH3074,SP,0p25,flat,2,0.812768211283505,1.23214368129263,1,2
NH3074,SP,0p5,flat,1,0.824545644832352,1.90954250488444,0,0
NH3074,SP,0p5,flat,2,0.644349478447204,1.89711998488588,0,0
NH3074,SP,0p75,flat,1,0.64764321815003,2.12026353620009,0,0
NH3074,SP,0p75,flat,2,0.576657651571238,3.25809653802148,0,0
NH3074,SP,1p0,flat,1,0.548799658257328,1.74919985480926,1,2
NH3074,SP,1p0,flat,2,0.727253238775072,2.4423470353692,0,0
NH3076,SP,0p25,flat,1,0.665620798197222,1.6094379124341,1,2
NH3076,SP,0p5,flat,1,0.594454200707799,1.55814461804655,0,0
NH3076,SP,0p75,flat,1,0.673117885663284,2.30258509299405,0,0
NH3076,SP,1p0,flat,1,0.535361744542943,1.84582669049833,0,0
NH3082,SP,0p25,flat,1,0.762985610577264,2.39789527279837,1,2
NH3082,SP,0p5,flat,1,NaN,NaN,0,0
NH3086,SP,0p25,flat,1,0.42492157427773,2.2512917986065,1,2
NH3086,SP,0p25,flat,2,0.838760959297196,1.57553636075842,0,0
NH3086,SP,0p5,flat,1,0.536319677548781,NaN,0,0
NH3086,SP,0p5,flat,2,0.425751712584637,0.486856433652994,1,2
NH3086,SP,0p75,flat,1,0.735291203605282,1.94591014905531,1,2
NH3086,SP,0p75,flat,2,0.454083674695421,3.17805383034795,0,0
NH3086,SP,1p0,flat,1,0.438867469445679,2.77258872223978,0,0
NH3086,SP,1p0,flat,2,0.541106602530094,NaN,0,0
NH3090,SP,0p25,flat,1,0.39999012032616,2.30258509299405,0,0
NH3090,SP,0p25,flat,2,0.706588709040162,2.484906649788,0,0
NH3090,SP,0p5,flat,1,0.537109272813526,1.70474809223843,1,2
NH3090,SP,0p5,flat,2,0.925500861935784,1.55814461804655,1,2
NH3090,SP,0p75,flat,1,0.624562021027843,2.39789527279837,0,0
NH3090,SP,0p75,flat,2,0.275545204278589,2.77258872223978,0,0
NH3090,SP,1p0,flat,1,0.532760763392561,1.64865862558738,0,0
NH3090,SP,1p0,flat,2,0.519666848375152,1.84582669049833,1,2
NH3102,SP,0p25,flat,1,0.860321227226705,1.55814461804655,0,0
NH3102,SP,0p25,flat,2,0.774667921802651,2.484906649788,0,0
NH3102,SP,0p5,flat,1,0.724600611254201,1.79175946922805,0,0
NH3102,SP,0p5,flat,2,0.431429478900907,1.75785791755237,0,0
NH3102,SP,0p75,flat,1,0.819477910487426,1.94591014905531,0,0
NH3102,SP,0p75,flat,2,0.57165518390262,1.46633706879343,0,0
NH3102,SP,1p0,flat,1,0.726564234776017,2.56494935746154,1,2
NH3102,SP,1p0,flat,2,0.494337187299819,0.678758443107846,1,2
NH3104,SP,0p25,flat,1,0.511241513923967,1.65822807660353,0,0
NH3104,SP,0p25,flat,2,0.621955400844063,2.56494935746154,0,0
NH3104,SP,0p5,flat,1,0.481688881397889,2.07944154167984,1,2
NH3104,SP,0p5,flat,2,0.742308917000246,1.87180217690159,1,2
NH3104,SP,0p75,flat,1,0.41105548486305,1.6094379124341,0,0
NH3104,SP,0p75,flat,2,0.728785567793795,1.46633706879343,0,0
NH3104,SP,1p0,flat,1,0.51858503276723,2.30258509299405,1,2
NH3104,SP,1p0,flat,2,0.499075486190687,1.56861591791385,0,0
NH3105,SP,0p25,flat,1,0.432991226720616,1.45528723260684,1,2
NH3105,SP,0p25,flat,2,0.508433367773363,1.02961941718116,1,2
NH3105,SP,0p5,flat,1,0.520043281970586,1.50407739677627,0,0
NH3105,SP,0p5,flat,2,0.5131435374889,2.7408400239252,1,2
NH3105,SP,0p75,flat,1,0.344192140461125,2.19722457733622,0,0
NH3105,SP,0p75,flat,2,0.546432790868387,3.04452243772342,0,0
NH3105,SP,1p0,flat,1,0.952221654053984,2.15948424935337,0,0
NH3105,SP,1p0,flat,2,0.660118897782749,2.15948424935337,0,0
NH3106,SP,0p25,flat,1,0.775520674799123,1.33500106673234,1,2
NH3106,SP,0p25,flat,2,0.659178576648402,3.04452243772342,1,2
NH3106,SP,0p5,flat,1,0.550298685656207,2.35137525716348,0,0
NH3106,SP,0p5,flat,2,0.641306810966979,1.99243016469021,0,0
NH3106,SP,0p75,flat,1,0.460286514303914,2.19722457733622,0,0
NH3106,SP,0p75,flat,2,0.372337256030494,2.89037175789616,0,0
NH3106,SP,1p0,flat,1,0.767342026913857,1.79175946922805,0,0
NH3106,SP,1p0,flat,2,0.551493651392398,1.89711998488588,0,0
NH3108,SP,0p25,flat,1,0.480718187836668,1.87180217690159,1,2
NH3108,SP,0p25,flat,2,0.47849456648854,1.87180217690159,1,2
NH3108,SP,0p5,flat,1,0.372787584943499,1.99243016469021,0,0
NH3108,SP,0p5,flat,2,0.626105978984485,2.15948424935337,0,0
NH3108,SP,0p75,flat,1,0.497939623417276,1.46633706879343,1,2
NH3108,SP,0p75,flat,2,0.682321383951531,2.07944154167984,0,0
NH3108,SP,1p0,flat,1,0.422079410358406,1.64865862558738,1,2
NH3108,SP,1p0,flat,2,0.39585338788559,2.30258509299405,0,0
NH3110,SP,0p25,flat,1,0.690150409907243,2.39789527279837,0,0
NH3110,SP,0p25,flat,2,0.59352216617346,NaN,0,0
NH3110,SP,0p5,flat,1,0.598024694075831,1.53147637096439,0,0
NH3110,SP,0p5,flat,2,0.556264715604731,2.01490302054226,0,0
NH3110,SP,0p75,flat,1,0.446006173892884,2.39789527279837,1,2
NH3110,SP,0p75,flat,2,0.307544462544419,1.52605630349505,1,2
NH3110,SP,1p0,flat,1,0.686021678722484,1.69167601067107,0,0
NH3110,SP,1p0,flat,2,0.424531327048811,3.04452243772342,0,0
NH3112,SP,0p25,flat,1,0.822603282241713,1.40876721697195,1,2
NH3112,SP,0p25,flat,2,0.634902732130049,1.44691898293633,0,0
NH3112,SP,0p5,flat,1,0.507253792964158,1.76578398282479,1,2
NH3112,SP,0p5,flat,2,0.707076634607349,1.79175946922805,0,0
NH3112,SP,0p75,flat,1,0.955795726772207,1.74919985480926,0,0
NH3112,SP,0p75,flat,2,0.46889606817802,2.52572864430826,0,0
NH3112,SP,1p0,flat,1,0.700287116172991,1.65822807660353,0,0
NH3112,SP,1p0,flat,2,0.467592997886793,NaN,0,0
NH3113,SP,0p25,flat,1,0.445274227915587,2.07944154167984,0,0
NH3113,SP,0p25,flat,2,0.673880048382916,1.68639895357023,0,0
NH3113,SP,0p5,flat,1,0.518615245326995,NaN,0,0
NH3113,SP,0p5,flat,2,0.67865148298503,2.56494935746154,0,0
NH3113,SP,0p75,flat,1,0.622018077580275,1.84582669049833,1,2
NH3113,SP,0p75,flat,2,0.63365264663161,2.89037175789616,0,0
NH3113,SP,1p0,flat,1,0.649896228091695,2.23359222150709,1,2
NH3113,SP,1p0,flat,2,0.696341342669298,1.91692261218206,0,0
NH3114,SP,0p25,flat,1,0.790617493244463,1.99243016469021,0,0
NH3114,SP,0p25,flat,2,0.822950249168976,1.98100146886658,0,0
NH3114,SP,0p5,flat,1,0.57263323692757,1.13036098698269,2,4
NH3114,SP,0p5,flat,2,0.768728309893728,1.67397643357167,0,0
NH3114,SP,0p75,flat,1,0.627726609949699,1.56397553835734,1,2
NH3114,SP,0p75,flat,2,0.592033112809093,1.16315080980568,0,0
NH3114,SP,1p0,flat,1,0.84704929600195,0.269187489815617,0,0
NH3123,SP,0p25,flat,1,0.532347629607048,2.35137525716348,1,2
NH3123,SP,0p25,flat,2,0.655578989325631,2.70805020110221,0,0
NH3123,SP,0p5,flat,1,0.516686521631374,2.94443897916644,0,0
NH3123,SP,0p5,flat,2,0.724602931186187,1.65822807660353,0,0
NH3128,SP,0p25,flat,1,0.587918668817653,1.38629436111989,0,0
NH3128,SP,0p25,flat,2,0.692616759716176,2.14006616349627,0,0
NH3128,SP,0p5,flat,1,0.665421320760084,2.19722457733622,0,0
NH3128,SP,0p5,flat,2,0.461644580739219,2.4423470353692,0,0
NH3128,SP,0p75,flat,1,0.67046542962777,2.60268968544438,0,0
NH3128,SP,0p75,flat,2,0.581511052456229,1.74919985480926,0,0
NH3128,SP,1p0,flat,1,0.235343234409898,2.63905732961526,0,0
NH3128,SP,1p0,flat,2,0.249911544279113,1.57553636075842,0,0
NH3129,SP,0p25,flat,1,0.806010752710524,1.29928298413026,0,0
NH3129,SP,0p25,flat,2,0.748897287757972,3.25809653802148,1,2
NH3129,SP,0p5,flat,1,0.520933831455124,3.2188758248682,0,0
NH3129,SP,0p5,flat,2,0.807417731045203,2.30258509299405,0,0
NH3129,SP,0p75,flat,1,0.315107006296615,2.63905732961526,0,0
NH3129,SP,0p75,flat,2,0.703464091077879,2.70805020110221,0,0
NH3129,SP,1p0,flat,1,0.63592199090209,2.2512917986065,0,0
NH3129,SP,1p0,flat,2,0.891206985989778,NaN,0,0
