id,treadmill,speed,terrain,trial,hurst,entropy,n.intervals.original,n.intervals.dropped,pct.timeseries.dropped,intervals.mean,intervals.sd
H1002,SP,0p25,flat,1,0.771572190060813,1.16315080980568,50,1,2,2.45511867732139,0.125413339231733
H1002,SP,0p25,flat,2,0.706699767883587,2.94443897916644,50,2,4,2.24039275666872,0.468676832509346
H1002,SP,0p5,flat,1,0.643467354516934,2.07944154167984,50,1,2,1.82288850278292,0.040202216526656
H1002,SP,0p5,flat,2,0.568248120727249,1.52605630349505,50,0,0,1.83120888303995,0.0555211991219454
H1002,SP,0p75,flat,1,0.482394661219227,2.99573227355399,50,0,0,1.46631888023304,0.0343192255109469
H1002,SP,0p75,flat,2,0.466303851834781,3.13549421592915,50,0,0,1.45334566091515,0.0261898395169483
H1002,SP,1p0,flat,1,0.520229133525145,1.43508452528932,50,0,0,1.2749546985011,0.0196062605964862
H1002,SP,1p0,flat,2,0.436338976875263,1.6094379124341,50,1,2,1.23935128036037,0.0186912137351992
H1004,SP,0p25,flat,1,0.609497439041266,NaN,50,2,4,2.33907091759801,0.166572618146895
H1004,SP,0p25,flat,2,0.882591899040706,1.6094379124341,50,0,0,2.44859259553805,0.165287579597693
H1004,SP,0p5,flat,1,0.613040045358278,1.83258146374831,50,0,0,1.61235207817454,0.0806050385916232
H1004,SP,0p5,flat,2,0.750957045785111,1.87180217690159,50,2,4,1.62466683105864,0.191492883279479
H1004,SP,0p75,flat,1,0.588707471717808,1.99243016469021,50,0,0,1.3994011349776,0.0346898552135961
H1004,SP,0p75,flat,2,0.796659758890662,2.484906649788,50,0,0,1.39669834381621,0.0379976904811889
H1004,SP,1p0,flat,1,0.569499284399207,3.13549421592915,50,0,0,1.23435019529272,0.0193004406896584
H1004,SP,1p0,flat,2,0.650081689273083,3.09104245335832,50,0,0,1.21474705028623,0.0214750081870347
H1007,SP,0p25,flat,1,0.637224988230714,1.43508452528932,50,0,0,2.69543068933111,0.154326265575951
H1007,SP,0p25,flat,2,0.861741627892239,1.67397643357167,50,1,2,2.61770806410888,0.203567148432996
H1007,SP,0p5,flat,1,0.89988037098933,2.56494935746154,50,0,0,1.92880911417805,0.103028334722297
H1007,SP,0p5,flat,2,0.754398862396738,1.79175946922805,50,0,0,1.88994440611109,0.0868155257727685
H1007,SP,0p75,flat,1,0.748931603418599,1.74919985480926,50,1,2,1.51173763200447,0.0940089315479772
H1007,SP,0p75,flat,2,0.681204573712502,2.42774823594805,50,0,0,1.51156926781025,0.0577168216509755
H1007,SP,1p0,flat,1,0.657790069470918,2.39789527279837,50,1,2,1.23589470734768,0.0288726341278758
H1007,SP,1p0,flat,2,0.754816589573227,1.50407739677627,50,0,0,1.25065774780773,0.028640352539079
H1009,SP,0p25,flat,1,0.528392629819356,2.01490302054226,50,0,0,2.56530118656132,0.127295033159233
H1009,SP,0p25,flat,2,0.63028932477002,NaN,50,0,0,2.51986602919526,0.132050748876661
H1009,SP,0p5,flat,1,0.652496028363235,2.07944154167984,50,0,0,1.71665321039636,0.0476729270562226
H1009,SP,0p5,flat,2,0.48344056667801,1.28913061266624,50,1,2,1.65511490877941,0.182408503861155
H1009,SP,0p75,flat,1,0.616900787220244,2.35137525716348,50,1,2,1.38495234837607,0.0236688821796924
H1009,SP,0p75,flat,2,0.550652893076328,2.07944154167984,50,0,0,1.35178632261835,0.0193628297893716
H1009,SP,1p0,flat,1,0.652186260281304,1.68639895357023,50,1,2,1.20085228775296,0.0169241851048319
H1009,SP,1p0,flat,2,0.53866534163306,1.84582669049833,50,0,0,1.20310489744879,0.017252821790445
H1010,SP,0p25,flat,1,0.668561151193046,NaN,50,1,2,3.04918710217904,0.461849414862971
H1010,SP,0p25,flat,2,0.65680399613623,2.07944154167984,50,2,4,3.01228574925015,0.631678599320629
H1010,SP,0p5,flat,1,0.919793704702327,2.05412373369555,50,0,0,1.91255225184221,0.0936083322275081
H1010,SP,0p5,flat,2,0.778007908178501,NaN,50,0,0,1.87470288510382,0.0695003032955862
H1010,SP,0p75,flat,1,0.634038694095834,2.99573227355399,50,0,0,1.39430098895807,0.028606125106018
H1010,SP,0p75,flat,2,0.37620172874462,1.145132304303,50,0,0,1.34574529650074,0.0299757558624801
H1010,SP,1p0,flat,1,0.689436799850722,2.484906649788,50,0,0,1.16842295225129,0.0173487488488236
H1010,SP,1p0,flat,2,0.63028932477002,2.2512917986065,50,0,0,1.17477624404225,0.0187835169597341
H1011,SP,0p25,flat,1,0.654302184642574,NaN,50,2,4,2.96943888055217,0.630550224615876
H1011,SP,0p25,flat,2,0.946336408580035,1.84582669049833,50,2,4,2.67917963267583,0.625577734986899
H1011,SP,0p5,flat,1,0.599834465954299,2.39789527279837,50,0,0,1.81194269252926,0.065681028620455
H1011,SP,0p5,flat,2,0.762231579702563,2.35137525716348,50,0,0,1.90871973747809,0.0610737081202106
H1011,SP,0p75,flat,1,0.746423427448071,3.13549421592915,50,0,0,1.51500117158357,0.0684784026121049
H1011,SP,0p75,flat,2,0.57313099339244,2.19722457733622,50,1,2,1.4891432489533,0.0624476806679336
H1011,SP,1p0,flat,1,0.501855108145489,1.48160454092422,50,0,0,1.27681509332471,0.0238731532016337
H1011,SP,1p0,flat,2,0.840445477620182,1.38629436111989,50,0,0,1.28974022909563,0.0371005921599038
H1012,SP,0p25,flat,1,0.64664862677981,1.43074612369072,50,0,0,2.19557390971057,0.751604448532383
H1012,SP,0p25,flat,2,0.754398862396738,1.32175583998232,50,0,0,2.16417778633334,0.701860058442027
H1012,SP,0p5,flat,1,0.809859986464363,1.99243016469021,50,0,0,1.7410129103294,0.158808147610302
H1012,SP,0p5,flat,2,0.451230968841567,2.83321334405622,50,0,0,1.80008740960103,0.120094352111635
H1012,SP,0p75,flat,1,0.637224988230714,1.64865862558738,50,0,0,1.39198303606484,0.066079552896252
H1012,SP,0p75,flat,2,0.558566302840194,2.35137525716348,50,0,0,1.47321509095632,0.0722945655782128
H1012,SP,1p0,flat,1,0.786618087579141,2.56494935746154,50,0,0,1.19565342088543,0.0346597656616093
H1012,SP,1p0,flat,2,0.582172890200441,2.15948424935337,50,0,0,1.25329352570448,0.0369265687022801
H1013,SP,0p25,flat,1,0.917995560832318,1.7227665977411,50,0,0,2.30046652923498,0.332571046464233
H1013,SP,0p25,flat,2,0.859498621263074,1.29928298413026,50,1,2,3.04671562908903,0.515282121625451
H1013,SP,0p5,flat,1,0.912656600785122,1.23676262714893,50,1,2,1.89646243415762,0.306094377961444
H1013,SP,0p5,flat,2,0.969038737386501,1.55059741241117,50,2,4,1.85761496618643,0.385015352258683
H1013,SP,0p75,flat,1,0.845406708404801,1.28785428830664,50,0,0,1.45777657397982,0.0604478107870197
H1013,SP,0p75,flat,2,0.546418360073509,1.79175946922805,50,0,0,1.48086154260445,0.055217163574519
H1013,SP,1p0,flat,1,0.737573541725589,2.15948424935337,50,0,0,1.23134429990288,0.0218511715870823
H1013,SP,1p0,flat,2,0.783339000347386,2.01490302054226,50,1,2,1.23983392107345,0.0217553089787636
H1017,SP,0p25,flat,1,0.916788506540273,1.27296567581289,50,1,2,2.84077297940224,0.464031614070386
H1017,SP,0p25,flat,2,0.799351488790802,NaN,50,1,2,2.77370522571372,0.432641996526314
H1017,SP,0p5,flat,1,0.8490067242086,2.19722457733622,50,0,0,1.81049933809258,0.068203664869722
H1017,SP,0p5,flat,2,0.841958191316536,2.35137525716348,50,0,0,1.81306114657216,0.0790743559075883
H1017,SP,0p75,flat,1,0.662188332417224,1.89711998488588,50,0,0,1.49126264419576,0.0289961877050102
H1017,SP,0p75,flat,2,0.586593108384491,NaN,50,0,0,1.46220368062625,0.025909000216214
H1017,SP,1p0,flat,1,0.568693682440271,2.14006616349627,50,0,0,1.24650831058947,0.0181478191758136
H1017,SP,1p0,flat,2,0.593177766414525,2.39789527279837,50,0,0,1.24934988907291,0.0217724835840157
H1018,SP,0p25,flat,1,0.781905653699213,1.74919985480926,50,0,0,2.76352211234532,0.101701919334753
H1018,SP,0p25,flat,2,0.822566978466294,1.04982212449868,50,0,0,2.83972535177194,0.112821211671999
H1018,SP,0p5,flat,1,0.77491675588574,1.89711998488588,50,1,2,2.0090283641994,0.0525560589881802
H1018,SP,0p5,flat,2,0.675987807903427,1.70474809223843,50,0,0,1.89217668001987,0.0499198316962775
H1018,SP,0p75,flat,1,0.582222231510302,2.35137525716348,50,0,0,1.45696443797458,0.0274081161937135
H1018,SP,0p75,flat,2,0.521914321524011,2.15948424935337,50,0,0,1.42937435932998,0.0327395766620469
H1018,SP,1p0,flat,1,0.489405503581656,2.52572864430826,50,1,2,1.22588431005787,0.0171550217710136
H1018,SP,1p0,flat,2,0.47685359522221,1.64865862558738,50,0,0,1.23077112984814,0.0162320736741235
H1019,SP,0p25,flat,1,0.902035356368903,2.60268968544438,50,0,0,2.70218609889247,0.16002410042104
H1019,SP,0p25,flat,2,0.867681022772268,2.12026353620009,50,0,0,2.67581795043066,0.153066191608607
H1019,SP,0p5,flat,1,0.540780422509443,1.50407739677627,50,0,0,1.5074874926837,0.0311411228552401
H1019,SP,0p5,flat,2,0.805825128408917,1.31218638896617,50,0,0,1.58118162676374,0.0502287355451167
H1019,SP,0p75,flat,1,0.714971318077269,2.03688192726104,50,0,0,1.32861704860898,0.0224224026065046
H1019,SP,0p75,flat,2,0.65141479134412,2.4423470353692,50,0,0,1.33894569959052,0.0277097889841898
H1019,SP,1p0,flat,1,0.624624944070936,2.94443897916644,50,1,2,1.16077747510515,0.0193079079362614
H1019,SP,1p0,flat,2,0.623060951140766,2.484906649788,50,0,0,1.16973265758432,0.0146094938188437
H1020,SP,0p25,flat,1,0.90826162115602,1.90954250488444,50,1,2,3.06782499816306,0.435890348151307
H1020,SP,0p25,flat,2,0.50326993623401,1.91692261218206,50,2,4,2.97328120845856,0.557410269496042
H1020,SP,0p5,flat,1,0.686323957216296,2.4423470353692,50,0,0,1.94538087295407,0.0729774774093522
H1020,SP,0p5,flat,2,0.523385491149859,2.12026353620009,50,0,0,2.06078668251013,0.0879075737788012
H1020,SP,0p75,flat,1,0.771986859778861,1.70474809223843,50,0,0,1.57603323808895,0.0663239846213462
H1020,SP,0p75,flat,2,0.546966522544591,2.35137525716348,50,0,0,1.53763162696581,0.0344983596383052
H1020,SP,1p0,flat,1,0.512716462269161,2.03688192726104,50,0,0,1.3045348321104,0.0208849462817065
H1020,SP,1p0,flat,2,0.579836829760891,0.993251773010283,50,1,2,1.27740329557817,0.0252293757284101
H1022,SP,0p25,flat,1,0.509836096152511,0.703163958803417,50,0,0,0.770651573036835,1.23758705684834
H1022,SP,0p25,flat,2,0.716868802624632,1.44691898293633,50,2,4,3.34203879969355,0.844329624078984
H1022,SP,0p5,flat,1,0.347623146989032,1.2272296664902,50,1,2,2.03935653868966,0.308343568179499
H1022,SP,0p5,flat,2,0.566286193005076,1.38629436111989,50,1,2,2.02737141245553,0.0964666955508191
H1022,SP,0p75,flat,1,0.662967098079591,1.73460105538811,50,1,2,1.52910844774339,0.0428153784613782
H1022,SP,0p75,flat,2,0.95070534381243,0.407227223101564,50,0,0,1.02832917769246,0.660003024347074
H1022,SP,1p0,flat,1,0.567195424169484,2.07944154167984,50,2,4,1.3059297400704,0.0369165483330939
H1022,SP,1p0,flat,2,0.479232290453494,1.6094379124341,50,0,0,1.29903191126499,0.0199508407973229
H1024,SP,0p25,flat,1,0.782529444930637,2.2512917986065,50,1,2,2.45985999709126,0.225731664865185
H1024,SP,0p25,flat,2,0.485110145326806,1.75785791755237,50,1,2,2.3402951633881,0.281099556496072
H1024,SP,0p5,flat,1,0.543672886011817,1.6094379124341,50,0,0,1.80135373647012,0.0827789082843996
H1024,SP,0p5,flat,2,0.676172504139293,2.67414864942653,50,0,0,1.79107122663805,0.122758589147296
H1024,SP,0p75,flat,1,0.607905013467097,1.84582669049833,50,0,0,1.37898708044995,0.0414813454320304
H1024,SP,0p75,flat,2,0.61318344011268,1.40691364832263,50,0,0,1.44202388358684,0.0552701372004394
H1024,SP,1p0,flat,1,0.673899666493665,1.65822807660353,50,0,0,1.25055925879205,0.0283700578079773
H1024,SP,1p0,flat,2,0.553914542245599,1.32175583998232,50,0,0,1.26470011775166,0.0312749546101866
H1025,SP,0p25,flat,1,0.808223306979261,1.26851132546351,50,0,0,2.52870454947542,0.185573564427916
H1025,SP,0p25,flat,2,0.475449386213393,2.94443897916644,50,0,0,2.56833076807156,0.119196977837111
H1025,SP,0p5,flat,1,0.373019105976465,2.2512917986065,50,0,0,1.68584598298144,0.0823584433722284
H1025,SP,0p5,flat,2,0.620238469464927,2.4423470353692,50,2,4,1.60639337314475,0.184841104629112
H1025,SP,0p75,flat,1,0.555047840174332,2.70805020110221,50,0,0,1.41735254623845,0.0489642914660729
H1025,SP,0p75,flat,2,0.428075512053515,1.79175946922805,50,0,0,1.41812296771176,0.0463554645315754
H1025,SP,1p0,flat,1,0.643274053341033,1.53147637096439,50,0,0,1.230218204933,0.0277058419625167
H1025,SP,1p0,flat,2,0.700324155615945,2.30258509299405,50,0,0,1.19641279138543,0.0310274797799891
H1026,SP,0p25,flat,1,0.64186885399266,0.940007258491471,50,2,4,2.40351305895448,0.380359106021787
H1026,SP,0p25,flat,2,0.777613802761411,2.30258509299405,50,1,2,2.40895587685354,0.376813334588904
H1026,SP,0p5,flat,1,0.86666132901298,1.56861591791385,50,0,0,1.64702303456705,0.0681772959205974
H1026,SP,0p5,flat,2,0.782879009698405,1.22377543162212,50,0,0,1.62390483304333,0.0655168220800881
H1026,SP,0p75,flat,1,0.752521087511928,1.45528723260684,50,0,0,1.37248079990182,0.0336764682630379
H1026,SP,0p75,flat,2,0.563638350808656,1.6094379124341,50,0,0,1.34508267584838,0.0264066355962304
H1026,SP,1p0,flat,1,0.53570878861538,1.28093384546206,50,0,0,1.20169505051406,0.0155246674254198
H1026,SP,1p0,flat,2,0.63025649438636,1.6094379124341,50,0,0,1.20288689366955,0.0169300075855809
H1027,SP,0p25,flat,1,0.723345632613958,1.53147637096439,50,0,0,2.72464786229614,0.20710312775181
H1027,SP,0p25,flat,2,0.670312988439866,1.54044504094715,50,0,0,3.01478736990526,0.176936156887691
H1027,SP,0p5,flat,1,0.56454203727985,2.83321334405622,50,0,0,1.64318764613912,0.051962423074561
H1027,SP,0p5,flat,2,0.815770231622057,3.13549421592915,50,1,2,1.57815980289485,0.0791717924028127
H1027,SP,0p75,flat,1,0.79496490915582,2.19722457733622,50,0,0,1.30555805463888,0.0284733059031913
H1027,SP,0p75,flat,2,0.624686187579936,1.99243016469021,50,1,2,1.32009384136103,0.0289883082587807
H1027,SP,1p0,flat,1,0.635771325447384,2.14006616349627,50,0,0,1.18033509712663,0.0134094071417093
H1027,SP,1p0,flat,2,0.527766530274196,1.64222773525709,50,1,2,1.19540812143192,0.0213436746001262
H1029,SP,0p25,flat,1,0.702287583486445,1.6094379124341,50,0,0,2.28822777777776,0.166543779684607
H1029,SP,0p25,flat,2,0.710790071012257,1.21502264051252,50,1,2,2.16561571932707,0.476060979729272
H1029,SP,0p5,flat,1,0.664289384954879,1.94591014905531,50,1,2,1.54905327496346,0.225339011822335
H1029,SP,0p5,flat,2,0.472637276380916,1.18958406687384,50,1,2,1.5508685918168,0.0610532075212758
H1029,SP,0p75,flat,1,0.429766466421789,3.04452243772342,50,0,0,1.26104216383547,0.0318869695638678
H1029,SP,0p75,flat,2,0.521042582914273,1.70474809223843,50,0,0,1.26641756077383,0.0339857990133303
H1029,SP,1p0,flat,1,0.439197489994762,1.65822807660353,50,1,2,1.15412199233718,0.0204933425407305
H1029,SP,1p0,flat,2,0.542305729458393,2.14006616349627,50,0,0,1.15818562141493,0.0207808237484227
H1030,SP,0p25,flat,1,0.645346802429619,1.56861591791385,50,3,6,2.47632302688912,0.641652738897666
H1030,SP,0p25,flat,2,0.505813285291952,0.802631413401634,50,0,0,2.42886994564496,0.903818761349796
H1030,SP,0p5,flat,1,0.524246435476696,1.64865862558738,50,0,0,1.72945888355691,0.079571052635062
H1030,SP,0p5,flat,2,0.602727487597361,1.65822807660353,50,0,0,1.83176914114617,0.0850027885005858
H1030,SP,0p75,flat,1,0.482731368767779,3.04452243772342,50,0,0,1.41224948965121,0.0396977909367534
H1030,SP,0p75,flat,2,0.3642290217059,2.35137525716348,50,0,0,1.40785777594145,0.0297827784951353
H1030,SP,1p0,flat,1,0.561175182076334,2.30258509299405,50,0,0,1.23509813753754,0.0190135677210881
H1030,SP,1p0,flat,2,0.535333538222437,2.30258509299405,50,0,0,1.23869344622657,0.0231940003946351
H1031,SP,0p25,flat,1,0.741491284576702,NaN,50,0,0,2.66638327715961,0.128400400811248
H1031,SP,0p25,flat,2,0.648129006424108,2.03688192726104,50,0,0,2.75851303099331,0.136612407777254
H1031,SP,0p5,flat,1,0.268871855787814,2.14006616349627,50,0,0,1.84438726634877,0.0469937569742252
H1031,SP,0p5,flat,2,0.670069743664069,2.67414864942653,50,0,0,1.82385260798674,0.044643452839687
H1031,SP,0p75,flat,1,0.507896718522438,1.46633706879343,50,1,2,1.52532241810828,0.220409482258171
H1031,SP,0p75,flat,2,0.56745096616489,1.41706601978664,50,0,0,1.50590321542179,0.0293576911188628
H1031,SP,1p0,flat,1,0.291441920587273,1.47590651980958,50,1,2,1.33413994616091,0.192521247772041
H1031,SP,1p0,flat,2,0.41264588700295,2.89037175789616,50,0,0,1.3351835604278,0.0211446628652516
H1032,SP,0p25,flat,1,0.909694988252311,2.60268968544438,50,0,0,2.87902536944762,0.167093116536234
H1032,SP,0p25,flat,2,0.489222412058359,1.82454929205105,50,0,0,2.95351865771811,0.107665293649999
H1032,SP,0p5,flat,1,0.602223375485487,2.94443897916644,50,0,0,1.86800487321511,0.0484977982787843
H1032,SP,0p5,flat,2,0.652307604993049,1.50407739677627,50,0,0,1.82787220730603,0.0452919517269549
H1032,SP,0p75,flat,1,0.611528917785295,1.79175946922805,50,0,0,1.50458501021102,0.0298065966530225
H1032,SP,0p75,flat,2,0.789911440626636,1.25276296849537,50,0,0,1.51789058499835,0.0373164000463323
H1032,SP,1p0,flat,1,0.583018671317975,2.83321334405622,50,0,0,1.29699021032505,0.0181901208815494
H1032,SP,1p0,flat,2,0.937903717918232,1.25276296849537,50,0,0,1.32305993616134,0.0397284294437108
H1033,SP,0p25,flat,1,0.55691057082071,2.77258872223978,50,3,6,3.03361345112847,0.780620911144522
H1033,SP,0p25,flat,2,0.629800823402406,2.19722457733622,50,4,8,2.95592834180681,0.869432089101081
H1033,SP,0p5,flat,1,0.632986572873766,1.83258146374831,50,1,2,1.87808339944981,0.275855051445002
H1033,SP,0p5,flat,2,0.642353192773977,NaN,50,0,0,1.99272525263678,0.0669213482005462
H1033,SP,0p75,flat,1,0.594368906958372,NaN,50,0,0,1.49525010781921,0.0412197154251351
H1033,SP,0p75,flat,2,0.547497557857537,1.03101899753558,50,1,2,1.48881491031019,0.160828954984741
H1033,SP,1p0,flat,1,0.658326802837967,1.6094379124341,50,0,0,1.20228376615513,0.0184602618433929
H1033,SP,1p0,flat,2,0.639781872084161,1.6094379124341,50,0,0,1.20228376615513,0.0184602618433929
H1034,SP,0p25,flat,1,0.905730177550325,1.45528723260684,50,2,4,3.11642736451678,0.678528107508616
H1034,SP,0p25,flat,2,0.671807710115619,2.03688192726104,50,1,2,2.86525171098415,0.457474661829482
H1034,SP,0p5,flat,1,0.832702068401223,2.99573227355399,50,0,0,1.98878637044242,0.0765963506469552
H1034,SP,0p5,flat,2,0.677104734324948,2.2512917986065,50,0,0,1.99731289307797,0.0736385095572946
H1034,SP,0p75,flat,1,0.696475871305425,2.94443897916644,50,0,0,1.55739330646573,0.0410434704362002
H1034,SP,0p75,flat,2,0.707203113655749,1.79175946922805,50,0,0,1.49006626888899,0.039093874898266
H1034,SP,1p0,flat,1,0.745815326429731,1.89711998488588,50,0,0,1.29708865525544,0.0253188243231915
H1034,SP,1p0,flat,2,0.867774597544944,1.87180217690159,50,1,2,1.30087083157405,0.0427716690982546
H1035,SP,0p25,flat,1,0.766488521519572,2.35137525716348,50,0,0,2.49580819868781,0.0907898537891545
H1035,SP,0p25,flat,2,0.542520737706237,1.99243016469021,50,0,0,2.57743533636428,0.0929882794437601
H1035,SP,0p5,flat,1,0.445837813380023,2.89037175789616,50,1,2,1.62614659122938,0.0452627386505367
H1035,SP,0p5,flat,2,0.689820969805886,2.70805020110221,50,0,0,1.60778645023812,0.0523738108131616
H1035,SP,0p75,flat,1,0.349916436006237,1.70474809223843,50,1,2,1.32322095245967,0.0228249705521247
H1035,SP,0p75,flat,2,0.536058654992896,2.07944154167984,50,0,0,1.33393906889325,0.0257817160019176
H1035,SP,1p0,flat,1,0.528198427996783,3.25809653802148,50,0,0,1.19686809854705,0.0151854660152157
H1035,SP,1p0,flat,2,0.50820780783166,0.885038188370051,50,1,2,1.17495189574279,0.12694294607555
H1036,SP,0p25,flat,1,0.754036525455338,1.84582669049833,50,1,2,2.94753371178947,0.454651180202684
H1036,SP,0p25,flat,2,0.601146726745317,2.63905732961526,50,0,0,3.05593027607173,0.154282577377284
H1036,SP,0p5,flat,1,0.745766097584522,2.19722457733622,50,0,0,1.83925032455888,0.0722174826703594
H1036,SP,0p5,flat,2,0.618977558546679,1.67397643357167,50,1,2,1.7155700827815,0.252939831686569
H1036,SP,0p75,flat,1,0.5880409192881,1.6094379124341,50,0,0,1.42909150589421,0.0346634241147785
H1036,SP,0p75,flat,2,0.602063585522644,1.48160454092422,50,0,0,1.42224851580523,0.0323779286216557
H1036,SP,1p0,flat,1,0.560011121347557,2.94443897916644,50,0,0,1.23099878010891,0.0219283614962922
H1036,SP,1p0,flat,2,0.440071701432645,2.07944154167984,50,0,0,1.22469147194568,0.0149383219750902
H1037,SP,0p25,flat,1,0.847812553625379,2.35137525716348,50,1,2,3.28514743903622,0.50837214415674
H1037,SP,0p25,flat,2,0.798908912967806,2.60268968544438,50,1,2,3.11931125682723,0.501605156721223
H1037,SP,0p5,flat,1,0.660738171374181,2.03688192726104,50,1,2,1.93152174170256,0.292985043214218
H1037,SP,0p5,flat,2,0.77235203436143,2.94443897916644,50,1,2,1.9697886082286,0.0852645289101681
H1037,SP,0p75,flat,1,0.612386913400504,2.52572864430826,50,0,0,1.5890045444043,0.0509241295215433
H1037,SP,0p75,flat,2,0.772790401125132,2.19722457733622,50,2,4,1.53941771354493,0.171070531382893
H1037,SP,1p0,flat,1,0.591224069060035,1.34992671694902,50,0,0,1.33594056117404,0.0231753429719472
H1037,SP,1p0,flat,2,0.54136921399773,2.63905732961526,50,0,0,1.34995223578565,0.0258557023689821
H1038,SP,0p25,flat,1,0.720843388921435,2.56494935746154,50,2,4,3.26588734541047,0.683480586383134
H1038,SP,0p25,flat,2,0.868463766058408,1.6094379124341,50,0,0,3.28831517059904,0.167804047000404
H1038,SP,0p5,flat,1,0.808065211886601,NaN,50,0,0,2.0636551229164,0.0594367100990553
H1038,SP,0p5,flat,2,0.91396593470682,1.23676262714893,50,0,0,1.98561553676158,0.0692199539563116
H1038,SP,0p75,flat,1,0.456719479921013,2.83321334405622,50,0,0,1.47123587727867,0.0304552045100983
H1038,SP,0p75,flat,2,0.724825989021758,2.83321334405622,50,0,0,1.46293046375558,0.0345378520400343
H1038,SP,1p0,flat,1,0.613250225061784,1.6094379124341,50,0,0,1.30139046783913,0.0168990846698086
H1038,SP,1p0,flat,2,0.609434578271987,2.04769284336526,50,0,0,1.29869147205587,0.0208809323306774
H1039,SP,0p25,flat,1,0.715131653633091,2.4423470353692,50,0,0,2.51545032269243,0.112438850513006
H1039,SP,0p25,flat,2,0.73559355227332,2.30258509299405,50,2,4,2.4531468075126,0.472284620169729
H1039,SP,0p5,flat,1,0.51130937751132,2.19722457733622,50,0,0,1.78282833435472,0.0496336618849142
H1039,SP,0p5,flat,2,0.423297791978622,NaN,50,0,0,1.74883316235464,0.0614500291928894
H1039,SP,0p75,flat,1,0.471975167699135,3.46573590279973,50,0,0,1.38939372401599,0.0282200839285626
H1039,SP,0p75,flat,2,0.497784904587814,NaN,50,1,2,1.39201547294676,0.0323482261032434
H1039,SP,1p0,flat,1,0.423206465104787,1.79175946922805,50,0,0,1.18090272586692,0.0133608257841511
H1039,SP,1p0,flat,2,0.340766621929376,1.89711998488588,50,0,0,1.19411208944902,0.0166340794930953
H1041,SP,0p25,flat,1,0.602429296868322,1.57553636075842,50,2,4,2.65170005589331,0.563619339603477
H1041,SP,0p25,flat,2,0.631729092592121,NaN,50,0,0,2.70658907031748,0.129424375796614
H1041,SP,0p5,flat,1,0.661979918222856,NaN,50,0,0,1.85069715268683,0.0702490020030994
H1041,SP,0p5,flat,2,0.530158790973163,1.89711998488588,50,1,2,1.797226579387,0.0719533791799853
H1041,SP,0p75,flat,1,0.676392805661441,1.58045037556085,50,0,0,1.45204184908025,0.0425031648673963
H1041,SP,0p75,flat,2,0.640386229702631,2.56494935746154,50,0,0,1.45981280045642,0.0435598700451266
H1041,SP,1p0,flat,1,0.562065819394836,1.90954250488444,50,0,0,1.27096412718946,0.0227268714425641
H1041,SP,1p0,flat,2,0.759078493776804,3.17805383034795,50,0,0,1.26041017522315,0.0284220173524857
H1042,SP,0p25,flat,1,0.891997909452764,1.79175946922805,50,1,2,2.08920921145029,0.319734382295542
H1042,SP,0p25,flat,2,0.727828297957618,1.65822807660353,50,0,0,2.07051056783579,0.11360426242912
H1042,SP,0p5,flat,1,0.825406505972526,1.52605630349505,50,0,0,1.49193843134865,0.0606789382695199
H1042,SP,0p5,flat,2,0.656931582636136,1.6094379124341,50,1,2,1.49398986757167,0.220366316104751
H1042,SP,0p75,flat,1,0.696254621734148,2.70805020110221,50,0,0,1.3728472650459,0.035859950039185
H1042,SP,0p75,flat,2,0.685836640910093,1.56861591791385,50,0,0,1.36883492865559,0.043609491468933
H1042,SP,1p0,flat,1,0.433957904085478,1.43508452528932,50,0,0,1.24540464442134,0.0221143328927507
H1042,SP,1p0,flat,2,0.734659760130252,1.83258146374831,50,0,0,1.25938286941729,0.0218951911215416
H1044,SP,0p25,flat,1,0.590072005335309,2.94443897916644,50,1,2,2.70802383105133,0.405787155058978
H1044,SP,0p25,flat,2,0.581339449987132,1.26369203902756,50,0,0,2.7019671854734,0.133764067306977
H1044,SP,0p5,flat,1,0.607170998511995,1.38629436111989,50,0,0,1.80458620514002,0.0660991135814396
H1044,SP,0p5,flat,2,0.649107401025582,2.15948424935337,50,0,0,1.80225496650718,0.0471798168537737
H1044,SP,0p75,flat,1,0.450261637403873,2.484906649788,50,0,0,1.48813217043791,0.0233444701826441
H1044,SP,0p75,flat,2,0.49184235279713,1.79175946922805,50,0,0,1.46955219885275,0.032190767456655
H1044,SP,1p0,flat,1,0.627918588968849,3.17805383034795,50,0,0,1.27824555383578,0.021282702078081
H1044,SP,1p0,flat,2,0.685650633670996,1.73460105538811,50,0,0,1.28859531960443,0.0234754968780088
H1045,SP,0p25,flat,1,0.82039321056045,2.2512917986065,50,1,2,2.64579414016284,0.177061055428766
H1045,SP,0p25,flat,2,0.786726757710545,1.73460105538811,50,2,4,2.59941838228006,0.590096851946621
H1045,SP,0p5,flat,1,0.592125150719774,1.99243016469021,50,1,2,1.73290391085856,0.086951397984498
H1045,SP,0p5,flat,2,0.557501682240983,1.94591014905531,50,0,0,1.70888589392785,0.0812636234947006
H1045,SP,0p75,flat,1,0.599356468413357,1.99243016469021,50,0,0,1.33264164661314,0.0344933522839299
H1045,SP,0p75,flat,2,0.799351488790802,1.42138568093116,50,0,0,1.33186976931676,0.0437774454049361
H1045,SP,1p0,flat,1,0.773558857217952,1.00330210886378,50,0,0,1.14252147553835,0.025385254663459
H1045,SP,1p0,flat,2,0.715183872086167,1.99243016469021,50,0,0,1.14287053770002,0.0249127080146617
H1046,SP,0p25,flat,1,0.891540335399602,2.30258509299405,50,2,4,2.72062607526518,0.577305094592222
H1046,SP,0p25,flat,2,0.899270989175207,1.20397280432594,50,0,0,2.67283860102702,0.145829802759048
H1046,SP,0p5,flat,1,0.731650148892449,3.17805383034795,50,0,0,1.6353717375429,0.0520775814224324
H1046,SP,0p5,flat,2,0.794845706384485,NaN,50,0,0,1.64298514840327,0.0625915537141244
H1046,SP,0p75,flat,1,0.521823734035551,2.2512917986065,50,0,0,1.37323781304866,0.0309135227154383
H1046,SP,0p75,flat,2,0.754240560499244,2.94443897916644,50,0,0,1.42347926781677,0.0436466058396395
H1046,SP,1p0,flat,1,0.865175188576034,1.99243016469021,50,0,0,1.2538564874801,0.0289487452645312
H1046,SP,1p0,flat,2,0.73141146079396,1.74919985480926,50,0,0,1.28165064334061,0.0201276705750596
H1047,SP,0p25,flat,1,0.655102539800203,0.894629235092976,50,4,8,3.33092922854036,1.07294589493556
H1047,SP,0p25,flat,2,NaN,NaN,0,0,0,NaN,NaN
H1047,SP,0p5,flat,1,0.729384680934609,1.67397643357167,50,0,0,1.92831981828663,0.0649010269221321
H1047,SP,0p5,flat,2,0.622022733709796,1.55814461804655,50,0,0,1.89866636491984,0.0595763797520423
H1047,SP,0p75,flat,1,0.623452138983134,2.15948424935337,50,0,0,1.48252834028944,0.0350716824247268
H1047,SP,0p75,flat,2,0.661186350911098,2.89037175789616,50,0,0,1.46564831398394,0.0426096156370539
H1047,SP,1p0,flat,1,0.587543860847637,2.484906649788,50,0,0,1.22992274498923,0.0145970173720841
H1047,SP,1p0,flat,2,0.502949662001757,2.2512917986065,50,0,0,1.19033534617593,0.0174959417079862
H1048,SP,0p25,flat,1,0.658921591201724,1.18562366565774,50,0,0,2.49838349382173,1.33594796106558
H1048,SP,0p25,flat,2,0.739127400289408,1.27296567581289,50,3,6,3.30122255150728,1.03491414982474
H1048,SP,0p5,flat,1,0.621311739618249,1.36524095192206,50,1,2,1.88165274104733,0.233883521277566
H1048,SP,0p5,flat,2,0.618416964084298,1.76358859226136,50,1,2,1.82749700830553,0.27156930678196
H1048,SP,0p75,flat,1,0.575621860030686,3.3322045101752,50,1,2,1.4232610928743,0.207378065878593
H1048,SP,0p75,flat,2,0.793740536236894,1.73460105538811,50,1,2,1.44443405059684,0.0426121198857599
H1048,SP,1p0,flat,1,0.793432179075137,1.87180217690159,50,0,0,1.26143246149793,0.0296693308711937
H1048,SP,1p0,flat,2,0.295611662797268,1.75785791755237,50,1,2,1.27690022666212,0.0263338549422407
H2002,SP,0p25,flat,1,0.325727863592774,1.79175946922805,50,1,2,2.55120207737509,0.391154823390845
H2002,SP,0p25,flat,2,0.797272880851545,1.04380405217311,50,2,4,2.54065348167446,0.617282645169155
H2002,SP,0p5,flat,1,0.736608348243505,3.04452243772342,50,0,0,1.38385775036335,0.0521971845828231
H2002,SP,0p5,flat,2,0.635370581827472,1.13943428318836,50,1,2,1.58899042996723,0.0606695478525036
H2002,SP,0p75,flat,1,0.76180576575995,2.70805020110221,50,0,0,1.31002894709088,0.0469399083993291
H2002,SP,0p75,flat,2,0.416288520868205,1.52605630349505,50,0,0,1.32316174994864,0.0371064106839191
H2002,SP,1p0,flat,1,0.578813127705653,2.39789527279837,50,0,0,1.19409848464929,0.0245643950597957
H2002,SP,1p0,flat,2,0.530999522334896,2.07944154167984,50,0,0,1.20050737315111,0.0222632860702468
H2007,SP,0p25,flat,1,0.682507749962162,NaN,50,0,0,1.85250732071491,0.111839501367632
H2007,SP,0p25,flat,2,0.412094158658846,1.34992671694902,50,1,2,1.83161330497144,0.0937322081772943
H2007,SP,0p5,flat,1,0.564149676923779,1.38629436111989,50,1,2,1.47310845656771,0.0558497933850921
H2007,SP,0p5,flat,2,0.660219690276515,1.17865499634165,50,1,2,1.47068562466096,0.176515702263128
H2007,SP,0p75,flat,1,0.735870208345233,2.35137525716348,50,0,0,1.36435033957463,0.039545059265375
H2007,SP,0p75,flat,2,0.666517703793494,1.74919985480926,50,1,2,1.37747013340114,0.0423307066074455
H2007,SP,1p0,flat,1,0.51693712401198,1.64865862558738,50,0,0,1.26827126521271,0.0259086863237186
H2007,SP,1p0,flat,2,0.576559943025522,1.29928298413026,50,0,0,1.28791646912754,0.0237120671332271
H2008,SP,0p25,flat,1,0.934733288270173,2.67414864942653,50,0,0,1.72515138393819,0.143946742936912
H2008,SP,0p25,flat,2,0.847748399977338,1.75785791755237,50,0,0,1.85560254898068,0.155951872137064
H2008,SP,0p5,flat,1,0.710822331172249,1.63413052502447,50,0,0,1.26084390116263,0.0664665236911762
H2008,SP,0p5,flat,2,0.74058997938185,3.3322045101752,50,1,2,1.38148822696872,0.0690302236716569
H2008,SP,0p75,flat,1,0.712294362872182,2.12026353620009,50,0,0,0.983675703571104,0.0332906356958667
H2008,SP,0p75,flat,2,0.29115125987786,2.99573227355399,50,0,0,1.10498266740069,0.0437033940739431
H2008,SP,1p0,flat,1,0.709516347488869,1.44691898293633,50,0,0,1.11558296777252,0.0259009204474653
H2008,SP,1p0,flat,2,0.718334167308485,2.94443897916644,50,0,0,1.11460864202056,0.0287110299165161
H2010,SP,0p25,flat,1,0.724070128969913,1.6094379124341,50,0,0,2.28525912353318,0.136004025822782
H2010,SP,0p25,flat,2,0.690239872284457,1.89711998488588,50,0,0,2.42219353990916,0.159621342234937
H2010,SP,0p5,flat,1,0.667459260180089,1.81915844341617,50,1,2,1.67223973239534,0.197961369083505
H2010,SP,0p5,flat,2,0.477189407236119,2.4423470353692,50,1,2,1.71764861258589,0.0601756560045245
H2010,SP,0p75,flat,1,0.783010901456709,2.30258509299405,50,1,2,1.35385784301206,0.0363774698417321
H2010,SP,0p75,flat,2,0.577910666727378,2.94443897916644,50,0,0,1.39226866975196,0.0358833736117176
H2010,SP,1p0,flat,1,0.660218535422551,1.87180217690159,50,0,0,1.1379415961805,0.0145666022155526
H2010,SP,1p0,flat,2,0.864662876768655,1.47590651980958,50,0,0,1.15529268744908,0.0188562641414526
H2013,SP,0p25,flat,1,0.599107527442376,1.50407739677627,50,0,0,1.53779530216705,0.0886527470424746
H2013,SP,0p25,flat,2,0.682064954321892,2.99573227355399,50,1,2,1.67852341807477,0.259610820980904
H2013,SP,0p5,flat,1,0.858126067800565,1.88273124743378,50,0,0,1.4367131141201,0.0878573687484559
H2013,SP,0p5,flat,2,0.674920323173441,2.35137525716348,50,1,2,1.39369153573986,0.0848855750983449
H2013,SP,0p75,flat,1,0.71031721896149,1.6094379124341,50,0,0,1.21452656702854,0.0622128216601472
H2013,SP,0p75,flat,2,0.7138843992696,2.03688192726104,50,1,2,1.25711834044255,0.071342236148596
H2013,SP,1p0,flat,1,0.659542615895665,2.89037175789616,50,0,0,1.10854662737571,0.0314179206291858
H2013,SP,1p0,flat,2,0.829079860347397,1.68639895357023,50,0,0,1.13350629692391,0.0312016982212031
H2015,SP,0p25,flat,1,0.797264845670448,1.50407739677627,50,0,0,1.99977824112345,0.124952035865669
H2015,SP,0p25,flat,2,0.74046364021717,2.77258872223978,50,1,2,2.0403903003012,0.144638780196572
H2015,SP,0p5,flat,1,0.833617875029908,1.47590651980958,50,0,0,1.47450351148777,0.0785699967495624
H2015,SP,0p5,flat,2,0.50545122858272,1.89711998488588,50,1,2,1.47598951527931,0.0821804548200816
H2015,SP,0p75,flat,1,0.89187268564,1.21639532432449,50,0,0,1.18022093112424,0.0540130760334246
H2015,SP,0p75,flat,2,0.774593877771491,2.15948424935337,50,0,0,1.23271113398951,0.0378465582996595
H2015,SP,1p0,flat,1,0.451797492328843,2.15948424935337,50,0,0,1.18134288991321,0.0282221987558003
H2015,SP,1p0,flat,2,0.686629255525423,1.55059741241117,50,0,0,1.19128593336593,0.0399326812146534
H2017,SP,0p25,flat,1,0.731805021547531,1.94591014905531,50,1,2,2.27043418915182,0.353999003492084
H2017,SP,0p25,flat,2,0.722824020165786,NaN,50,1,2,2.25472967524014,0.121105384501139
H2017,SP,0p5,flat,1,0.561846320461339,3.04452243772342,50,0,0,1.53096846845739,0.0554471440338795
H2017,SP,0p5,flat,2,0.511081999081263,2.12026353620009,50,1,2,1.57681682743933,0.0512196654392819
H2017,SP,0p75,flat,1,0.733927083132721,2.14006616349627,50,0,0,1.27532544243276,0.0230170095139067
H2017,SP,0p75,flat,2,0.807631486845791,3.17805383034795,50,0,0,1.22946627402719,0.0275276653019691
H2017,SP,1p0,flat,1,0.847319015049673,1.79175946922805,50,0,0,1.08998369394276,0.0164305839370629
H2017,SP,1p0,flat,2,0.709883332659382,NaN,50,1,2,1.11832158966456,0.0218002604242985
H2020,SP,0p25,flat,1,0.913897935418317,2.14006616349627,50,0,0,2.63445655970648,0.197790229051782
H2020,SP,0p25,flat,2,0.790763664760407,2.04769284336526,50,0,0,2.64766728954487,0.159050650646725
H2020,SP,0p5,flat,1,0.571298942824173,1.50407739677627,50,0,0,1.85006019561794,0.0462186620853223
H2020,SP,0p5,flat,2,0.692683740316596,1.94591014905531,50,0,0,1.85251288482204,0.050464474355503
H2020,SP,0p75,flat,1,0.721155605665553,2.30258509299405,50,1,2,1.45776146468338,0.0315038210056896
H2020,SP,0p75,flat,2,0.524289654898727,1.6094379124341,50,0,0,1.46407007166378,0.0307785777160451
H2020,SP,1p0,flat,1,0.490357798948286,2.2512917986065,50,0,0,1.298157992553,0.0226541900907873
H2020,SP,1p0,flat,2,0.620309903107872,1.42711635564015,50,0,0,1.30709885418702,0.0187675766875007
H2021,SP,0p25,flat,1,0.957861509093886,1.38629436111989,50,0,0,1.73329729084305,0.206924709830601
H2021,SP,0p25,flat,2,0.842564608618212,2.484906649788,50,0,0,1.71859731381923,0.0779391533391191
H2021,SP,0p5,flat,1,0.747141502630097,1.64865862558738,50,0,0,1.5770975349845,0.0600006715197832
H2021,SP,0p5,flat,2,0.836016447226532,1.75785791755237,50,0,0,1.54419758640733,0.070402232222362
H2021,SP,0p75,flat,1,0.402354280198323,3.04452243772342,50,0,0,1.26119802873779,0.0305987383311503
H2021,SP,0p75,flat,2,0.92198203073906,2.70805020110221,50,0,0,1.33239791745186,0.0584338937465612
H2021,SP,1p0,flat,1,0.978458101814108,1.0857088838322,50,0,0,1.01339841605052,0.0534659079119534
H2021,SP,1p0,flat,2,0.478379448228869,1.34992671694902,50,0,0,1.12859823599231,0.0257546898436879
H2022,SP,0p25,flat,1,0.843220948142205,3.09104245335832,50,0,0,2.59594068393487,0.150995365833734
H2022,SP,0p25,flat,2,0.819075436213124,2.12026353620009,50,0,0,2.71360860193133,0.10695833967875
H2022,SP,0p5,flat,1,0.610857753840143,1.38629436111989,50,0,0,1.6784049939381,0.0541725109298973
H2022,SP,0p5,flat,2,0.688554007174032,NaN,50,0,0,1.67490566097043,0.0643780112413619
H2022,SP,0p75,flat,1,0.483259343833904,1.94591014905531,50,0,0,1.4210876862501,0.0363984381981886
H2022,SP,0p75,flat,2,0.549079835588187,1.66500776358891,50,0,0,1.42491374996647,0.0439118748702819
H2022,SP,1p0,flat,1,0.563310480565122,1.79175946922805,50,0,0,1.06480430403538,0.01984589539133
H2022,SP,1p0,flat,2,0.664087981212035,1.28093384546206,50,0,0,1.23110694525078,0.0231874197793652
H2023,SP,0p25,flat,1,0.901114300615261,1.17272026082183,50,0,0,1.98003190465044,0.140172081348313
H2023,SP,0p25,flat,2,0.911058955828714,1.35454566280531,50,0,0,1.80650825313862,0.152506682254332
H2023,SP,0p5,flat,1,0.794565555078504,1.33500106673234,50,2,4,1.29896465399023,0.150205630859782
H2023,SP,0p5,flat,2,0.823332565316309,1.76766191764899,50,1,2,1.62069847204156,0.188295812817656
H2023,SP,0p75,flat,1,0.680004797091712,2.70805020110221,50,0,0,1.38161793423284,0.0373474962215027
H2023,SP,0p75,flat,2,0.461274699371564,1.89711998488588,50,0,0,1.4006826506725,0.0370663366274097
H2023,SP,1p0,flat,1,0.632005910390062,1.79175946922805,50,2,4,1.16796820274144,0.126780034541307
H2023,SP,1p0,flat,2,0.693287081570632,1.65822807660353,50,0,0,1.23946763969626,0.0319778609669978
H2025,SP,0p25,flat,1,0.647208067782417,2.19722457733622,50,0,0,1.99866207633968,0.0962102714324796
H2025,SP,0p25,flat,2,0.974087990350172,0.958254930973187,50,0,0,2.04298255232606,0.247513832033914
H2025,SP,0p5,flat,1,0.726845339707886,1.94591014905531,50,0,0,1.2308572190119,0.0344145299259713
H2025,SP,0p5,flat,2,0.962307740073006,1.21924027645672,50,0,0,1.28386785994574,0.0798243682831076
H2025,SP,0p75,flat,1,0.508881922812091,2.70805020110221,50,0,0,1.31495261027504,0.0289100417518987
H2025,SP,0p75,flat,2,0.71180715949536,1.55814461804655,50,0,0,1.33352208373543,0.0384435421896692
H2025,SP,1p0,flat,1,0.623842660402733,1.46633706879343,50,0,0,1.18613031313617,0.0187574454456175
H2025,SP,1p0,flat,2,0.791324837346864,1.79175946922805,50,0,0,1.19282348699089,0.0315215516945875
H2026,SP,0p25,flat,1,0.912332537609462,2.30258509299405,50,0,0,2.43593027099255,0.13230935942488
H2026,SP,0p25,flat,2,0.618141798866114,1.70474809223843,50,0,0,2.56178370828174,0.0889082084229147
H2026,SP,0p5,flat,1,0.657315203280482,2.2512917986065,50,2,4,1.59453120776303,0.182455670003726
H2026,SP,0p5,flat,2,0.650022737812272,1.55814461804655,50,1,2,1.59288609591067,0.05822390296057
H2026,SP,0p75,flat,1,0.600677205878941,0.944461608840852,50,0,0,1.3008672191387,0.0328172922919744
H2026,SP,0p75,flat,2,0.770292058375936,1.44691898293633,50,0,0,1.27651468426306,0.0297909321848059
H2026,SP,1p0,flat,1,0.519076836505976,NaN,50,1,2,1.16024584103312,0.0204766623474943
H2026,SP,1p0,flat,2,0.559403929805759,2.83321334405622,50,2,4,1.17208758390747,0.122832072112571
H2027,SP,0p25,flat,1,0.437414122678725,1.82454929205105,50,0,0,2.1422315941586,0.147814282003159
H2027,SP,0p25,flat,2,0.614877047624325,1.65822807660353,50,1,2,2.20175873536892,0.236627981140794
H2027,SP,0p5,flat,1,0.360862654933578,1.64865862558738,50,1,2,1.50592242482293,0.0591054177747413
H2027,SP,0p5,flat,2,0.481075609329227,1.28093384546206,50,2,4,1.52736204409841,0.0729800946390789
H2027,SP,0p75,flat,1,0.481931840364758,1.55814461804655,50,0,0,1.3448202902109,0.0361685358696926
H2027,SP,0p75,flat,2,0.626608143877804,2.35137525716348,50,0,0,1.34094979289915,0.0423454414715263
H2027,SP,1p0,flat,1,0.65253892479794,1.57553636075842,50,0,0,1.20215761536993,0.0222916238528905
H2027,SP,1p0,flat,2,0.669934306480861,2.30258509299405,50,0,0,1.2028548224422,0.022835297417475
H2033,SP,0p25,flat,1,0.86445561928717,1.99243016469021,50,3,6,2.23826887359258,0.578573851892051
H2033,SP,0p25,flat,2,0.908710343962265,1.29928298413026,50,1,2,2.24592718427638,0.3414709527078
H2033,SP,0p5,flat,1,0.786271439921364,2.07944154167984,50,0,0,1.61184401117494,0.0505486849019614
H2033,SP,0p5,flat,2,0.789441803113037,2.30258509299405,50,0,0,1.61960538176522,0.0571564201897215
H2033,SP,0p75,flat,1,0.860802955619807,1.38629436111989,50,1,2,1.30450430611774,0.0463001200167878
H2033,SP,0p75,flat,2,0.6532177223975,3.13549421592915,50,0,0,1.24455902399724,0.0359779005339421
H2033,SP,1p0,flat,1,0.592287709543749,2.2512917986065,50,0,0,1.15796000190523,0.0307384878586707
H2033,SP,1p0,flat,2,0.687372773278852,2.07944154167984,50,0,0,1.17810888511673,0.0343455194621006
H2034,SP,0p25,flat,1,0.711336673384846,2.04769284336526,50,1,2,2.25541586184654,0.277475086317034
H2034,SP,0p25,flat,2,0.611528917785295,1.98100146886658,50,2,4,2.08666203614274,0.433126588508468
H2034,SP,0p5,flat,1,0.637260363475662,1.54044504094715,50,0,0,1.3634034764239,0.0406379566515952
H2034,SP,0p5,flat,2,0.621908640179698,2.94443897916644,50,0,0,1.33445718849214,0.034976032542444
H2034,SP,0p75,flat,1,0.473300411651191,2.30258509299405,50,0,0,1.1323755448097,0.0169039080555808
H2034,SP,0p75,flat,2,0.579611795428779,2.19722457733622,50,0,0,1.15122889606161,0.0201327713117399
H2034,SP,1p0,flat,1,0.64384762817607,2.70805020110221,50,0,0,1.02471656028891,0.0151100923468864
H2034,SP,1p0,flat,2,0.596284798065466,NaN,50,0,0,1.05030896730512,0.014875799649311
H2036,SP,0p25,flat,1,0.832468490008701,NaN,50,0,0,2.01846542678727,0.0935000509118601
H2036,SP,0p25,flat,2,0.760191676798455,1.84582669049833,50,2,4,1.84356949466389,0.38152089452276
H2036,SP,0p5,flat,1,0.592638822327032,1.56861591791385,50,1,2,1.2246662395351,0.173515486151203
H2036,SP,0p5,flat,2,0.409053836670754,1.6094379124341,50,0,0,1.25495838365201,0.0471126599716576
H2036,SP,0p75,flat,1,0.569903118008657,1.89711998488588,50,1,2,1.24069334157374,0.039154818238794
H2036,SP,0p75,flat,2,0.552212215470348,2.484906649788,50,0,0,1.20294787281435,0.0391631795431046
H2036,SP,1p0,flat,1,0.572947894898195,1.52605630349505,50,1,2,1.04399308599448,0.0239358965564729
H2036,SP,1p0,flat,2,0.60534304453837,1.6094379124341,50,0,0,1.0851366587008,0.0272708958161481
H2037,SP,0p25,flat,1,0.468818626970815,1.87180217690159,50,1,2,2.53396074793067,0.372825810105213
H2037,SP,0p25,flat,2,0.684127169376358,0.847297860387204,50,1,2,2.53443980388738,0.368566022452734
H2037,SP,0p5,flat,1,0.758258953172023,1.68639895357023,50,1,2,1.68603411990404,0.245664134371951
H2037,SP,0p5,flat,2,0.642395226669866,2.14006616349627,50,1,2,1.7816928992201,0.0483820150104688
H2037,SP,0p75,flat,1,0.49522289476285,1.6094379124341,50,0,0,1.33659074513748,0.0327152416058018
H2037,SP,0p75,flat,2,0.372616892415673,1.65822807660353,50,0,0,1.34301123095192,0.0336337563044645
H2037,SP,1p0,flat,1,0.752129671487147,2.14006616349627,50,0,0,1.10922001685753,0.0227756031446205
H2037,SP,1p0,flat,2,0.364145223457501,1.33500106673234,50,0,0,1.09886687811509,0.025919546582556
H2038,SP,0p25,flat,1,0.418189021048312,2.15948424935337,50,1,2,1.81516842194876,0.278693696735997
H2038,SP,0p25,flat,2,0.758233222468042,1.23214368129263,50,1,2,1.72485935308434,0.266468475308123
H2038,SP,0p5,flat,1,0.582490794309872,1.94591014905531,50,0,0,1.4063144699006,0.0555262486130123
H2038,SP,0p5,flat,2,0.701863344513684,1.89711998488588,50,1,2,1.42039155383568,0.207005316252936
H2038,SP,0p75,flat,1,0.433520225122124,2.14006616349627,50,1,2,1.34736746361023,0.197714726774827
H2038,SP,0p75,flat,2,0.756302005031427,1.65822807660353,50,0,0,1.42149753364023,0.0474280695398982
H2038,SP,1p0,flat,1,0.388473204636456,2.15948424935337,50,0,0,1.29437764017276,0.0363166832354109
H2038,SP,1p0,flat,2,0.745189535465268,2.2512917986065,50,0,0,1.2920602506613,0.0310219623424977
H2039,SP,0p25,flat,1,0.628367954031907,1.73460105538811,50,0,0,1.13838288889213,0.0357486660338734
H2039,SP,0p25,flat,2,0.365374992356054,1.66770682055808,50,1,2,0.991737432591319,0.114547926516643
H2039,SP,0p5,flat,1,0.704956810696942,NaN,50,1,2,1.45071307262029,0.217078681922399
H2039,SP,0p5,flat,2,0.721155605665553,3.04452243772342,50,0,0,1.4440369893197,0.0518920165314604
H2039,SP,0p75,flat,1,0.711825776577765,1.38629436111989,50,1,2,1.20647415867262,0.0380443605448373
H2039,SP,0p75,flat,2,0.783459915648643,2.03688192726104,50,0,0,1.22017814883012,0.0297648235733171
H2039,SP,1p0,flat,1,0.748433691733921,1.56861591791385,50,0,0,0.862933507825844,0.0178192800382399
H2039,SP,1p0,flat,2,0.596064852061742,1.17498526745268,50,1,2,0.990498610611334,0.108004032041106
H2041,SP,0p25,flat,1,0.770638415112755,2.03688192726104,50,0,0,2.49336189734951,0.136462046667314
H2041,SP,0p25,flat,2,0.654328295030937,2.4423470353692,50,0,0,2.43326333902158,0.157399994847705
H2041,SP,0p5,flat,1,0.699553470678212,1.32175583998232,50,1,2,1.61226198084759,0.181931579835773
H2041,SP,0p5,flat,2,0.91147072098448,1.45528723260684,50,1,2,1.68108275835456,0.0628756202867761
H2041,SP,0p75,flat,1,0.805249693724559,0.23834471264626,50,2,4,1.25014975668257,0.322927336572251
H2041,SP,0p75,flat,2,0.464425661946112,0.889622484791994,50,2,4,1.31904762295218,0.195190279160655
H2041,SP,1p0,flat,1,0.702507858054254,1.17865499634165,50,2,4,1.16374526687454,0.237277860644637
H2041,SP,1p0,flat,2,0.747304272441477,1.89711998488588,50,1,2,1.18095275176691,0.170878349087631
H2042,SP,0p25,flat,1,0.547306369344058,1.14862270924277,50,1,2,2.68590408788297,0.319937759141841
H2042,SP,0p25,flat,2,0.631646326973705,1.94591014905531,50,2,4,2.48027143131915,0.527692751053996
H2042,SP,0p5,flat,1,0.774768740786024,2.42774823594805,50,0,0,1.96584046962585,0.0739012736833899
H2042,SP,0p5,flat,2,0.820574399014539,1.99243016469021,50,1,2,1.87963803970776,0.0740135949718873
H2042,SP,0p75,flat,1,0.813438969519398,NaN,50,0,0,1.39368273123033,0.0422769435931199
H2042,SP,0p75,flat,2,0.437316469900605,1.84582669049833,50,0,0,1.43974696782149,0.0340286752531833
H2042,SP,1p0,flat,1,0.300475777102146,3.04452243772342,50,0,0,1.25505115088295,0.0228916520289017
H2042,SP,1p0,flat,2,0.639609748188043,1.50407739677627,50,0,0,1.23776943762764,0.0193106231028338
H2052,SP,0p25,flat,1,0.610191603866584,1.82454929205105,50,1,2,2.19290765164804,0.260242331304477
H2052,SP,0p25,flat,2,0.563483487448174,1.58045037556085,50,1,2,2.2562610116392,0.297036457384613
H2052,SP,0p5,flat,1,0.664052480954726,2.30258509299405,50,0,0,1.59643447156459,0.0637732238358632
H2052,SP,0p5,flat,2,0.689156408279349,NaN,50,0,0,1.53356892493669,0.0453456208725766
H2052,SP,0p75,flat,1,0.663701326345747,1.79175946922805,50,0,0,1.41532682093069,0.0364047619471392
H2052,SP,0p75,flat,2,0.631917993704712,2.83321334405622,50,1,2,1.43253885720234,0.0410902336316076
H2052,SP,1p0,flat,1,0.484628868651231,1.22377543162212,50,0,0,1.26127292694613,0.0217508161954595
H2052,SP,1p0,flat,2,0.76638968600369,2.14006616349627,50,0,0,1.28615886414886,0.0313022010372396
H2059,SP,0p25,flat,1,0.504959964395463,1.74296930505862,50,1,2,2.18958579900563,0.247690670609327
H2059,SP,0p25,flat,2,0.650507770900156,1.34992671694902,50,0,0,2.15203046928305,0.0687010305954825
H2059,SP,0p5,flat,1,0.539627017574037,1.84582669049833,50,1,2,1.81447233232573,0.197652253566679
H2059,SP,0p5,flat,2,0.614583049689031,NaN,50,1,2,1.89356012043793,0.0586557593474209
H2059,SP,0p75,flat,1,0.567371250104505,1.70474809223843,50,0,0,1.49623657667488,0.0435358866941872
H2059,SP,0p75,flat,2,0.613651881876077,1.55814461804655,50,0,0,1.4875115702175,0.0447360719665184
H2059,SP,1p0,flat,1,0.688120260755644,1.09861228866811,50,0,0,1.2748214849025,0.0245038928475295
H2059,SP,1p0,flat,2,0.486402524505185,1.41706601978664,50,0,0,1.31244224181004,0.0271222777372615
H2062,SP,0p25,flat,1,0.617424103368469,2.39789527279837,50,0,0,1.86360825518034,0.120336263953357
H2062,SP,0p25,flat,2,0.57123000849898,2.89037175789616,50,0,0,1.76511054496136,0.085380752332516
H2062,SP,0p5,flat,1,0.487271965954706,2.83321334405622,50,1,2,1.46793147951309,0.0671223784165847
H2062,SP,0p5,flat,2,0.576015661979109,NaN,50,0,0,1.4549088687788,0.0868038511890096
H2062,SP,0p75,flat,1,0.442907117472875,1.83258146374831,50,0,0,1.1749764925395,0.0600071953958158
H2062,SP,0p75,flat,2,0.614687747308694,1.83258146374831,50,1,2,1.25288170431886,0.0688108348226224
H2062,SP,1p0,flat,1,0.436308656962876,2.03688192726104,50,0,0,1.05910733074766,0.0293228637175628
H2062,SP,1p0,flat,2,0.560067008843708,1.79175946922805,50,1,2,1.07630299108382,0.0239464675366937
H2072,SP,0p25,flat,1,0.903304574800008,1.67397643357167,50,0,0,1.75478240395963,0.0959694715651315
H2072,SP,0p25,flat,2,0.727326998856223,1.48807705542983,50,0,0,1.80035420246877,0.0530183269545717
H2072,SP,0p5,flat,1,0.556189710047273,1.79175946922805,50,0,0,1.46437427060708,0.0360490569172741
H2072,SP,0p5,flat,2,0.747222553859672,1.48807705542983,50,0,0,1.40591190349653,0.046183337184305
H2072,SP,0p75,flat,1,0.635533779655149,NaN,50,0,0,0.987375854994319,0.0202587353975784
H2072,SP,0p75,flat,2,0.917225099429698,1.87180217690159,50,1,2,1.02225019333217,0.0193213526787666
H2082,SP,0p25,flat,1,0.623393346924701,NaN,50,0,0,2.09353080425488,0.180057818852961
H2082,SP,0p25,flat,2,0.531056345797196,1.65822807660353,50,1,2,2.32573108590301,0.384237565228028
H2082,SP,0p5,flat,1,0.463586995844345,2.83321334405622,50,0,0,1.71476002509136,0.125929865503274
H2082,SP,0p5,flat,2,0.501119354170858,1.75785791755237,50,0,0,1.73361407365169,0.111180803863191
H2082,SP,0p75,flat,1,0.718991192773908,2.30258509299405,50,0,0,1.19453337964674,0.0377510336488247
H2082,SP,0p75,flat,2,0.677278359763583,1.6094379124341,50,0,0,1.2269808852368,0.0462373979803824
H2082,SP,1p0,flat,1,0.764914837575438,2.94443897916644,50,0,0,1.06224411367919,0.0355053923282545
H2082,SP,1p0,flat,2,0.856477378763703,NaN,50,1,2,1.03058956951182,0.0342455362318691
H2090,SP,0p25,flat,1,0.7483018943158,1.29928298413026,50,0,0,2.0581874284197,0.0907126133633323
H2090,SP,0p25,flat,2,0.735877631476966,3.29583686600433,50,1,2,2.08341310969699,0.104181548116467
H2090,SP,0p5,flat,1,0.919564985526321,1.73460105538811,50,2,4,1.45747721943255,0.291890823023066
H2090,SP,0p5,flat,2,0.867444879535069,1.16315080980568,50,1,2,1.43488251873378,0.208546801510174
H2090,SP,0p75,flat,1,0.477859892210793,2.484906649788,50,1,2,1.14961655004539,0.0234068271834809
H2090,SP,0p75,flat,2,0.678177009026685,2.30258509299405,50,0,0,1.15129886726402,0.0250659653674972
H2090,SP,1p0,flat,1,0.408938980983513,3.13549421592915,50,0,0,1.0292765524539,0.0126279815420013
H2090,SP,1p0,flat,2,0.540492124022443,1.38629436111989,50,4,8,0.948083283522539,0.268949176159472
H2095,SP,0p25,flat,1,0.855331704611268,1.88706964903238,50,0,0,2.20801987931162,0.253642799484015
H2095,SP,0p25,flat,2,NaN,NaN,0,0,0,NaN,NaN
H2095,SP,0p5,flat,1,0.790064775954992,1.32913594727994,50,1,2,1.2792,0.048417402841945
H2095,SP,0p5,flat,2,0.945651184694517,1.52605630349505,50,0,0,1.6587,0.135548056091572
H2095,SP,0p75,flat,1,0.7251177311578,1.79175946922805,50,0,0,1.3812286060492,0.0516083556889657
H2095,SP,0p75,flat,2,0.573477841813562,2.07944154167984,50,1,2,1.34340341305714,0.196623549357072
H2095,SP,1p0,flat,1,0.579778170615228,2.35137525716348,50,0,0,0.878076179866604,0.0180063386387273
H2095,SP,1p0,flat,2,0.891736527195886,1.70474809223843,50,0,0,1.16891491003014,0.0310715747788486
H2111,SP,0p25,flat,1,NaN,NaN,0,0,0,NaN,NaN
H2111,SP,0p25,flat,2,0.908016337609865,1.79175946922805,50,0,0,2.3561822011796,0.379637003310938
H2111,SP,0p5,flat,1,0.852879079207665,1.6094379124341,50,0,0,1.80124095160574,0.0942841583781041
H2111,SP,0p5,flat,2,0.868005639906047,1.94591014905531,50,0,0,1.79359069818217,0.105948643323611
H2111,SP,0p75,flat,1,0.888657730678709,1.75785791755237,50,1,2,1.333328373596,0.0584211873104971
H2111,SP,0p75,flat,2,0.698766278067386,1.38629436111989,50,0,0,1.42687985755701,0.0548983973642611
H2111,SP,1p0,flat,1,0.494374434012337,2.07944154167984,50,0,0,1.19952215348784,0.022943026516705
H2111,SP,1p0,flat,2,0.751736586617061,2.03688192726104,50,0,0,1.19342439397708,0.02030633060806
H2117,SP,0p25,flat,1,0.634293923327973,1.6094379124341,50,0,0,1.69962668583587,0.0809336341641033
H2117,SP,0p5,flat,1,0.723721880782137,1.54044504094715,50,0,0,1.39021324261285,0.0382790023592084
H2117,SP,0p75,flat,1,0.926238799211792,1.16760516015506,50,2,4,1.23282567400012,0.137150361933794
H2117,SP,1p0,flat,1,0.659677104100284,1.94591014905531,50,1,2,1.13951823061395,0.0200394616859208
H2117,SP,1p0,flat,2,0.822753197157526,1.79175946922805,50,1,2,1.13992287097666,0.0268129309254298
H3018,SP,0p25,flat,1,0.949648300170571,1.14862270924277,50,0,0,2.12804061233643,0.222925999028478
H3018,SP,0p25,flat,2,0.820707186772215,1.28093384546206,50,0,0,2.42436757657759,0.199533309707678
H3018,SP,0p75,flat,1,0.758008781596095,2.03688192726104,50,0,0,1.11337367938772,0.0300818785689793
H3018,SP,0p75,flat,2,0.613758945435992,1.67397643357167,50,0,0,1.08460799295884,0.0269515315672102
H3018,SP,1p0,flat,1,0.858318549657537,1.6094379124341,50,1,2,0.960530049940012,0.0366867105264271
H3018,SP,1p0,flat,2,0.62378065984862,2.07944154167984,50,1,2,1.02450408031616,0.0216350726612209
H3024,SP,0p25,flat,1,0.681550824490889,0.80866006768179,50,1,2,1.74468002758116,2.15962045874078
H3024,SP,0p5,flat,1,0.478215211729719,0.835117441830333,50,2,4,1.45430406427264,2.37198058797703
H3029,SP,0p25,flat,1,0.610928794321538,1.50407739677627,50,1,2,1.56235824397134,0.179859327558846
H3029,SP,0p25,flat,2,0.665726473608731,1.83258146374831,50,0,0,1.59615833591009,0.0787673519796964
H3029,SP,0p5,flat,1,0.612359116507097,2.83321334405622,50,0,0,1.37906948769849,0.0604122077312973
H3029,SP,0p5,flat,2,0.618609329294049,2.01490302054226,50,1,2,1.52481953255758,0.0731976510493127
H3029,SP,0p75,flat,1,0.635235241772826,2.15948424935337,50,0,0,1.34959333909709,0.0511178698648199
H3029,SP,0p75,flat,2,0.614034792413036,2.36712361413162,50,0,0,1.32792337040234,0.0434422101832439
H3029,SP,1p0,flat,1,0.614021775326712,1.68639895357023,50,0,0,1.20218904377393,0.0321246683275325
H3029,SP,1p0,flat,2,0.548088872364805,1.54044504094715,50,0,0,1.19928253115926,0.0279227607803843
H3034,SP,0p25,flat,1,0.500789411696409,1.79175946922805,50,0,0,2.03441313804243,0.242093675072409
H3034,SP,0p25,flat,2,0.38877506533803,2.04769284336526,50,0,0,2.12585614573345,0.209258450837912
H3034,SP,0p5,flat,1,0.653850187348994,1.01160091167848,50,0,0,1.48782615678776,0.08804496928293
H3034,SP,0p5,flat,2,0.646337252591119,1.79175946922805,50,1,2,1.50858478487197,0.0992151089759032
H3034,SP,0p75,flat,1,0.741373148825367,1.65822807660353,50,0,0,1.24573746641077,0.0541789902328343
H3034,SP,0p75,flat,2,0.306892275847394,2.2512917986065,50,0,0,1.23727865771811,0.0491984399566535
H3034,SP,1p0,flat,1,0.633614445363744,NaN,50,0,0,1.12208142034549,0.0340352334949831
H3034,SP,1p0,flat,2,0.456086633426218,1.83258146374831,50,1,2,1.09965453499518,0.0344133883337236
H3039,SP,0p25,flat,1,0.686128693950482,1.79175946922805,50,0,0,2.22659586071793,0.0885214595215801
H3039,SP,0p25,flat,2,0.679952729211145,1.94591014905531,50,0,0,2.3078755405492,0.0941684046663946
H3039,SP,0p5,flat,1,0.725058827099445,1.79175946922805,50,1,2,1.67393076156449,0.0631259066539247
H3039,SP,0p5,flat,2,0.797834647362898,1.56861591791385,50,0,0,1.66059185536001,0.0834379022844908
H3039,SP,0p75,flat,1,0.612219329916145,1.64865862558738,50,0,0,1.47060559628196,0.0342225511705262
H3039,SP,0p75,flat,2,0.45520021864418,NaN,50,0,0,1.42924234182175,0.0388622262676875
H3039,SP,1p0,flat,1,0.822580733543803,2.30258509299405,50,0,0,1.17808790714614,0.0258190221865262
H3039,SP,1p0,flat,2,0.633758113379365,2.70805020110221,50,0,0,1.21388108161382,0.0231284659228166
H3042,SP,0p25,flat,1,0.941036780953442,1.29928298413026,50,0,0,1.23605505525779,0.042361777452733
H3042,SP,0p25,flat,2,0.59701957285406,1.26851132546351,50,0,0,1.16774963031955,0.0358001450112635
H3042,SP,0p5,flat,1,0.873056652802095,1.6094379124341,50,0,0,1.22956648000952,0.0383765671906956
H3042,SP,0p5,flat,2,0.533508042670328,1.89711998488588,50,0,0,1.20426649444144,0.0388631189515088
H3042,SP,0p75,flat,1,0.60012982043636,1.84582669049833,50,1,2,1.08519727205288,0.0206962349168843
H3042,SP,0p75,flat,2,0.851746983535352,1.35454566280531,50,1,2,1.09380639899474,0.0333324297208571
H3042,SP,1p0,flat,1,0.650867660108831,1.29928298413026,50,0,0,1.04918317134161,0.0182643410067343
H3042,SP,1p0,flat,2,0.563577889440188,1.09861228866811,50,0,0,1.03664390872058,0.0195303788894117
H3046,SP,0p25,flat,1,0.410445494717402,1.79175946922805,50,0,0,1.81486664408365,0.0955598258336847
H3046,SP,0p25,flat,2,0.578862752965524,2.35137525716348,50,0,0,1.76330188528905,0.089161303579145
H3046,SP,0p5,flat,1,0.818983777986824,1.5910887737659,50,1,2,1.430957910043,0.227623922749379
H3046,SP,0p5,flat,2,0.51923727709077,1.13943428318836,50,0,0,1.51112943052851,0.066421844807968
H3047,SP,0p25,flat,1,0.549758417088313,2.35137525716348,50,0,0,2.10332907785889,0.114151977794886
H3047,SP,0p25,flat,2,0.598738299949782,NaN,50,1,2,2.0491739897703,0.099793528114067
H3047,SP,0p5,flat,1,0.555904407209628,1.89711998488588,50,0,0,1.35003349486235,0.0350613782485814
H3047,SP,0p5,flat,2,0.373268456374545,2.15948424935337,50,1,2,1.38448846271731,0.0474044253712616
H3053,SP,0p25,flat,1,0.960941118888502,1.58045037556085,50,0,0,1.94618366610851,0.160645146327777
H3053,SP,0p25,flat,2,0.861941299121772,2.35137525716348,50,0,0,2.00149487533662,0.125350740156155
H3053,SP,0p5,flat,1,0.839542520775034,2.80336038090653,50,1,2,1.53202833032571,0.079183266057861
H3053,SP,0p75,flat,1,0.601586162387939,1.94591014905531,50,0,0,1.17742156837057,0.0241317324224952
H3053,SP,0p75,flat,2,0.535908218650062,0.236873744126112,50,1,2,1.60871678458143,2.12841317074992
H3063,SP,0p25,flat,1,0.544077199687322,1.38629436111989,50,1,2,1.76371772129642,0.110052937525034
H3063,SP,0p25,flat,2,0.572803041821162,2.04769284336526,50,0,0,1.80613983765414,0.103032771429794
H3063,SP,0p5,flat,1,0.444218028223345,1.84582669049833,50,1,2,1.53093456495583,0.0562586433916604
H3063,SP,0p5,flat,2,0.454189091717069,NaN,50,0,0,1.51382324161492,0.0609250710038861
H3063,SP,0p75,flat,1,0.664003251644786,NaN,50,1,2,1.28198493078887,0.040247502821112
H3063,SP,0p75,flat,2,0.311475699759531,1.79175946922805,50,0,0,1.28468779064134,0.0420889668783125
H3072,SP,0p25,flat,1,0.723744839836606,3.17805383034795,50,0,0,1.73392314841568,0.126240111519044
H3072,SP,0p25,flat,2,0.657319390962198,2.60268968544438,50,0,0,1.85622648461252,0.119983397702361
H3072,SP,0p5,flat,1,0.632811031818214,1.65822807660353,50,0,0,1.48758785235807,0.0755382631273732
H3072,SP,0p5,flat,2,0.620645611951729,NaN,50,0,0,1.46660474489134,0.0679962275366062
H3072,SP,0p75,flat,1,0.707134246716401,2.07944154167984,50,1,2,1.06541492188606,0.0342364319473767
H3072,SP,0p75,flat,2,0.502418010456877,1.94591014905531,50,0,0,1.04198057622619,0.040533469405611
H3072,SP,1p0,flat,1,0.556764876117711,1.94591014905531,50,1,2,0.935054338065907,0.0242804252515794
H3072,SP,1p0,flat,2,0.573748150138881,1.31218638896617,50,0,0,0.886160652058609,0.0385037187279955
H3073,SP,0p25,flat,1,0.194225460700901,1.29532258291416,50,0,0,2.22243857584387,1.0418238862135
H3073,SP,0p25,flat,2,0.15618369419983,2.15948424935337,50,1,2,2.01381521563754,0.429327146122621
H3073,SP,0p5,flat,1,0.645478986503071,NaN,50,1,2,1.54042269529574,0.105296891774887
H3073,SP,0p75,flat,1,0.737790440030201,2.94443897916644,50,0,0,1.23395059961863,0.0498606672742455
H3073,SP,0p75,flat,2,0.461516213028241,2.14006616349627,50,0,0,1.23343307259098,0.0498394121719942
H3077,SP,0p5,flat,1,0.691851295090142,1.89711998488588,50,1,2,1.6388583610202,0.100875295842602
H3077,SP,0p5,flat,2,0.574759508501514,2.30258509299405,50,0,0,1.67873195983529,0.0665484791773576
H3077,SP,0p75,flat,1,0.798275192780676,2.04769284336526,50,0,0,1.2838540551313,0.0527486539444535
H3077,SP,0p75,flat,2,0.500142126971057,1.79175946922805,50,0,0,1.3602237433897,0.0435794361445889
H3077,SP,1p0,flat,1,0.345879028442203,1.99243016469021,50,1,2,1.16805200015519,0.0423625930815997
H3077,SP,1p0,flat,2,0.655171994158227,2.23359222150709,50,0,0,1.15776543137416,0.0197008121089888
H3092,SP,0p25,flat,1,0.723777959747033,1.94591014905531,50,1,2,1.74529977021266,0.218314303899281
H3092,SP,0p25,flat,2,0.630040717010424,NaN,50,1,2,1.84387960741308,0.122586240315366
H3092,SP,0p5,flat,1,0.688682258237789,2.01490302054226,50,0,0,1.34436113197807,0.0395852603152608
H3092,SP,0p5,flat,2,0.870849652985902,2.83321334405622,50,1,2,1.37635584839556,0.0689038725625485
H3092,SP,0p75,flat,1,0.402493511436967,2.19722457733622,50,0,0,1.12265711469777,0.0158762620984577
H3092,SP,0p75,flat,2,0.478153183756539,1.48160454092422,50,1,2,1.11787675134223,0.0181694918717298
H3103,SP,0p25,flat,1,0.793200972199627,1.45528723260684,50,0,0,2.25667244288243,0.119994246472977
H3103,SP,0p25,flat,2,0.944110906469739,1.55814461804655,50,0,0,2.27004701411735,0.168949803301966
H3103,SP,0p5,flat,1,0.537570173403779,2.19722457733622,50,0,0,1.38155127424803,0.0439621107599451
H3103,SP,0p5,flat,2,0.662750461882679,2.12026353620009,50,0,0,1.48861520974617,0.0419274565819148
H3103,SP,0p75,flat,1,0.328894910006686,2.484906649788,50,0,0,1.19429138067238,0.0175173388129859
H3103,SP,0p75,flat,2,0.709760097426139,2.33537491581704,50,0,0,1.23917718620753,0.022861205416069
H3103,SP,1p0,flat,1,0.574258852121661,2.14006616349627,50,0,0,1.11596196737137,0.0203473510787922
H3103,SP,1p0,flat,2,0.786380640309658,1.50407739677627,50,0,0,1.14341061973855,0.0225728852999509
H3107,SP,0p25,flat,1,0.836375863804832,NaN,50,0,0,1.5400194743596,0.0616794025964957
H3107,SP,0p25,flat,2,0.582227473199579,1.84582669049833,50,2,4,1.41659172647379,0.293409150519176
H3107,SP,0p5,flat,1,0.654326679164848,1.50407739677627,50,1,2,1.17119144708134,0.0274820308706601
H3107,SP,0p5,flat,2,0.673120139603615,1.55814461804655,50,1,2,1.19199555413276,0.0355807009066901
H3107,SP,0p75,flat,1,0.77951574453387,3.13549421592915,50,0,0,1.0731896482395,0.0238137068359318
H3107,SP,0p75,flat,2,0.632399236455,1.79175946922805,50,0,0,1.08717172074079,0.0243837850081075
H3107,SP,1p0,flat,1,0.789291917010482,1.84582669049833,50,0,0,0.91481243636813,0.0237621913800967
H3107,SP,1p0,flat,2,0.661300543893409,NaN,50,0,0,0.971627902587838,0.0214258141608702
H3120,SP,0p25,flat,1,0.767928173623912,1.52605630349505,50,0,0,1.64216254342608,0.0756988951378548
H3120,SP,0p25,flat,2,0.71134476015097,1.55814461804655,50,0,0,1.83581523272898,0.104332907027496
H3120,SP,0p5,flat,1,0.493903549628242,3.09104245335832,50,2,4,1.56983163588267,0.157211409270058
H3120,SP,0p5,flat,2,0.905899505630973,1.41706601978664,50,1,2,1.59045652333673,0.365365756090822
H3120,SP,0p75,flat,1,0.688518885671644,1.64865862558738,50,0,0,1.20692046154995,0.0260088127784275
H3120,SP,0p75,flat,2,0.497695884633526,1.89711998488588,50,0,0,1.28670701767948,0.0254575452057239
H3120,SP,1p0,flat,1,0.74588965580509,1.81528996663825,50,1,2,1.17579619675189,0.0262632574853518
H3120,SP,1p0,flat,2,0.713829579258179,1.68639895357023,50,1,2,1.21960923287861,0.264730789527465
NH3002,SP,0p25,flat,1,0.666535882170811,1.54044504094715,50,0,0,2.49360295897659,0.268790484994609
NH3002,SP,0p5,flat,1,0.694543815960683,2.83321334405622,50,0,0,1.80394851796389,0.112327349562768
NH3002,SP,0p75,flat,1,0.547284968993892,2.30258509299405,50,0,0,1.45200803102527,0.0463630193153634
NH3002,SP,1p0,flat,1,0.70061999806447,3.13549421592915,50,0,0,1.21582163158111,0.036902948487871
NH3006,SP,0p25,flat,1,0.389517398959508,1.79175946922805,50,1,2,1.67523801323563,0.0580575396460083
NH3006,SP,0p25,flat,2,0.445214042131988,2.14006616349627,50,0,0,1.6813329860184,0.0704669260010561
NH3006,SP,0p5,flat,1,0.612536740947083,1.33500106673234,50,0,0,1.26848180325046,0.0500783193455179
NH3006,SP,0p5,flat,2,0.475969673251705,1.67397643357167,50,0,0,1.3378608460404,0.0456787197968967
NH3007,SP,0p25,flat,1,0.813343044142558,1.65822807660353,50,2,4,1.64363167583372,0.315832474251818
NH3007,SP,0p25,flat,2,0.537526795508831,1.94591014905531,50,1,2,1.76077258055296,0.27390423223288
NH3007,SP,0p5,flat,1,0.670310992424666,3.04452243772342,50,1,2,1.44612420231119,0.0515913858046296
NH3007,SP,0p5,flat,2,0.585721187135876,1.6094379124341,50,0,0,1.51856192271583,0.0537847060942223
NH3007,SP,0p75,flat,1,0.612381047114154,2.484906649788,50,0,0,1.35347619699966,0.0427133389205721
NH3007,SP,0p75,flat,2,0.501318854379765,1.79175946922805,50,0,0,1.36148154455498,0.0432654383457633
NH3007,SP,1p0,flat,1,0.746686699761717,0.132457855215998,50,1,2,2.09242382166632,2.73296341820889
NH3008,SP,0p25,flat,1,0.875729326450014,2.77258872223978,50,0,0,1.36768964071045,0.108106608745794
NH3008,SP,0p25,flat,2,0.596940387050566,1.54044504094715,50,0,0,1.37894742292486,0.0993304526569217
NH3008,SP,0p5,flat,1,0.568588714812499,1.90954250488444,50,0,0,1.19608091006052,0.0400811272498105
NH3008,SP,0p5,flat,2,0.792271129331804,2.89037175789616,50,0,0,1.28152573516261,0.0663710570473329
NH3008,SP,0p75,flat,1,0.541600166665949,2.52572864430826,50,0,0,1.2255653855665,0.042160913651776
NH3008,SP,0p75,flat,2,0.637346697290751,1.6094379124341,50,1,2,1.23339317221817,0.0495012392270772
NH3008,SP,1p0,flat,1,0.804648142145619,1.50407739677627,50,0,0,1.13719053839084,0.0255306761185276
NH3008,SP,1p0,flat,2,0.545749617371475,2.01490302054226,50,1,2,1.11747746582344,0.0302443662625081
NH3010,SP,0p25,flat,1,0.802245148508106,3.13549421592915,50,0,0,1.31924046959989,0.059564386514021
NH3010,SP,0p25,flat,2,0.762809474667357,1.6094379124341,50,1,2,1.23661287617587,0.183840396823101
NH3010,SP,0p5,flat,1,0.956115774680968,0.923670839171778,50,0,0,1.08096704526905,0.0762127286157593
NH3010,SP,0p5,flat,2,0.967691089267555,1.02165124753198,50,0,0,1.21493701521356,0.0790404388064901
NH3010,SP,0p75,flat,1,0.902308584592592,1.94591014905531,50,1,2,0.996778880931363,0.0503402824884528
NH3010,SP,0p75,flat,2,0.665375291580684,2.39789527279837,50,1,2,1.06232384284656,0.0391853490618879
NH3010,SP,1p0,flat,1,0.523999025790951,1.58045037556085,50,0,0,1.0136,0.0248267466039909
NH3010,SP,1p0,flat,2,0.562395204193327,2.01490302054226,50,0,0,0.9924,0.021951709523871
NH3021,SP,0p25,flat,1,0.49594039321499,2.07944154167984,50,2,4,1.81483444560993,0.271266415750924
NH3021,SP,0p25,flat,2,0.53297783922402,1.6094379124341,50,1,2,1.7281363305271,0.197968685917586
NH3021,SP,0p5,flat,1,0.402728658757851,2.83321334405622,50,1,2,1.46586162711844,0.0784895593087625
NH3021,SP,0p5,flat,2,0.563759422723911,1.27296567581289,50,0,0,1.4604346128374,0.0863153136982955
NH3021,SP,0p75,flat,1,0.704656154575438,1.04596855518269,50,1,2,1.38554204465084,1.41011379325539
NH3021,SP,1p0,flat,1,0.566172060902391,1.46633706879343,50,0,0,1.06262792690832,0.0435129247005667
NH3025,SP,0p25,flat,1,0.71134476015097,NaN,50,1,2,1.69344853796624,0.11116480895085
NH3025,SP,0p25,flat,2,0.704786944923724,3.04452243772342,50,1,2,1.70005236336015,0.173516657003855
NH3025,SP,0p5,flat,1,0.768615760661304,1.68639895357023,50,2,4,1.41390914417777,0.407433093295216
NH3025,SP,0p5,flat,2,NaN,NaN,0,0,0,NaN,NaN
NH3026,SP,0p25,flat,1,0.490508328237113,1.94591014905531,50,0,0,1.44858353986241,0.0682870399772684
NH3026,SP,0p25,flat,2,0.694016680196874,2.07944154167984,50,1,2,1.4301554342014,0.171997143761324
NH3026,SP,0p5,flat,1,0.660728224758737,1.99243016469021,50,0,0,1.26633531230904,0.0423832825588246
NH3026,SP,0p5,flat,2,0.831706388633425,2.4423470353692,50,0,0,1.18951843288124,0.0542850204238371
NH3026,SP,0p75,flat,1,0.714297482864277,1.15267950993839,50,1,2,0.976776291528661,0.117397392911538
NH3026,SP,0p75,flat,2,0.817037890419399,2.07944154167984,50,1,2,1.07285893076885,0.0344891783044566
NH3026,SP,1p0,flat,1,0.951239549513198,1.04145387482816,50,1,2,0.923597768125087,0.105584251499289
NH3026,SP,1p0,flat,2,0.568778025816919,3.13549421592915,50,0,0,0.985287058586366,0.0202148270006084
NH3027,SP,0p25,flat,1,0.683920238135308,1.56861591791385,50,0,0,1.27155147830676,0.0559110619851064
NH3027,SP,0p25,flat,2,0.715051154502715,1.76358859226136,50,1,2,1.33257595955916,0.202474380549612
NH3028,SP,0p25,flat,1,NaN,NaN,0,0,0,NaN,NaN
NH3028,SP,0p25,flat,2,NaN,NaN,0,0,0,NaN,NaN
NH3030,SP,0p25,flat,1,0.640337766267674,1.45528723260684,50,0,0,2.20992991920345,0.0946950632827152
NH3030,SP,0p25,flat,2,0.659826350269677,1.50407739677627,50,3,6,2.13643890071575,0.245211707980333
NH3030,SP,0p5,flat,1,0.825170929705883,1.6094379124341,50,1,2,1.15350844780177,0.0361007155241818
NH3030,SP,0p5,flat,2,0.727019589743595,2.35137525716348,50,0,0,1.29322571857858,0.039534759674757
NH3030,SP,0p75,flat,1,0.599130004571872,1.94591014905531,50,0,0,1.11331010552164,0.0192887992036116
NH3030,SP,0p75,flat,2,0.511675574035082,1.17272026082183,50,0,0,1.10076547283098,0.0205433564028999
NH3030,SP,1p0,flat,1,0.714289331965418,1.86075234071501,50,0,0,1.04305662698824,0.021166195373007
NH3030,SP,1p0,flat,2,0.757344381330856,1.74919985480926,50,0,0,1.03769194227025,0.0201576393535716
NH3036,SP,0p25,flat,1,0.578152285877757,2.30258509299405,50,0,0,1.06364946515877,0.0386705756581128
NH3036,SP,0p25,flat,2,0.714609927790807,2.26868354131836,50,0,0,1.03010654632416,0.0362210786395221
NH3036,SP,0p5,flat,1,0.490471463532626,1.79175946922805,50,0,0,1.0934480527688,0.0365340723799233
NH3036,SP,0p5,flat,2,0.665651206873032,1.04145387482816,50,0,0,1.01607581743866,0.0243525666957985
NH3036,SP,0p75,flat,1,0.696897992039004,2.07944154167984,50,2,4,1.05228760780683,0.0320812041257058
NH3036,SP,0p75,flat,2,0.676344569479436,1.56861591791385,50,1,2,1.0229784635832,0.0368340813675773
NH3036,SP,1p0,flat,1,0.748461542536003,1.64865862558738,50,0,0,1.02452976901712,0.029140462586679
NH3036,SP,1p0,flat,2,0.774372660266583,2.15948424935337,50,0,0,1.05944143524552,0.0264912526295329
NH3040,SP,0p25,flat,1,0.66398851598705,2.03688192726104,50,0,0,1.16460806883365,0.0315075354808794
NH3040,SP,0p25,flat,2,0.905339708180483,1.32913594727994,50,0,0,1.0178590604027,0.0406326579401254
NH3040,SP,0p5,flat,1,0.419359401639886,1.58412010444981,50,0,0,0.843558033124991,0.0191527985259205
NH3040,SP,0p5,flat,2,0.438417783254215,2.2512917986065,50,0,0,0.799725031366274,0.0187576175974659
NH3040,SP,0p75,flat,1,0.2780306670368,1.73460105538811,50,0,0,0.679625151681639,0.0168116486475345
NH3040,SP,0p75,flat,2,0.234610004848437,1.89711998488588,50,0,0,0.704453726436309,0.0179023076249466
NH3040,SP,1p0,flat,1,NaN,NaN,0,0,0,NaN,NaN
NH3041,SP,0p25,flat,1,0.71528923194603,1.56861591791385,50,0,0,1.40089107562944,0.0589656324616997
NH3041,SP,0p25,flat,2,0.691281869364234,1.70474809223843,50,0,0,1.21365029859383,0.0550915620882509
NH3041,SP,0p5,flat,1,0.592189606907023,1.52605630349505,50,1,2,1.14368576191168,0.0304755146064947
NH3041,SP,0p5,flat,2,0.586164129630815,1.84582669049833,50,0,0,1.14722536573775,0.0464291249968475
NH3041,SP,0p75,flat,1,0.787532682656807,1.65822807660353,50,0,0,1.03814778129138,0.02990652176347
NH3041,SP,0p75,flat,2,0.772535094283088,1.94591014905531,50,0,0,1.01226522797968,0.0251952197351686
NH3041,SP,1p0,flat,1,0.436519365064352,2.83321334405622,50,0,0,0.976086008218974,0.0279612547126645
NH3041,SP,1p0,flat,2,0.416591678166382,2.94443897916644,50,1,2,0.953951303009353,0.0192301523456103
NH3043,SP,0p25,flat,1,0.567262439159921,1.89711998488588,50,0,0,2.06588907883015,0.103734228477783
NH3043,SP,0p25,flat,2,0.619724201609124,2.70805020110221,50,1,2,2.07873094980095,0.307502524519542
NH3043,SP,0p5,flat,1,0.437127559028685,1.79175946922805,50,1,2,1.64111518882778,0.246495738255123
NH3043,SP,0p5,flat,2,0.465882113109233,1.6094379124341,50,0,0,1.63566202935364,0.0599848946941304
NH3043,SP,0p75,flat,1,0.546571716779444,1.47907609457086,50,3,6,1.28743201458577,0.289463464452716
NH3043,SP,0p75,flat,2,0.478878773622102,1.52605630349505,50,0,0,1.36883538745124,0.0353998412891171
NH3043,SP,1p0,flat,1,0.427214288888699,1.55814461804655,50,2,4,1.15567184887078,0.124143948950594
NH3043,SP,1p0,flat,2,0.618397543948514,1.82812711339893,50,1,2,1.15741247657247,0.141360570815131
NH3051,SP,0p25,flat,1,0.631870759480513,2.30258509299405,50,1,2,1.35334490410395,0.0856011648314944
NH3051,SP,0p25,flat,2,0.603312799652398,3.09104245335832,50,0,0,1.46879407854158,0.0789357949987633
NH3051,SP,0p5,flat,1,0.661644808415924,0.154448875744184,50,2,4,1.44113919584636,1.59927846693078
NH3051,SP,0p5,flat,2,0.915452078861605,0.144811708044303,50,1,2,1.50400308403686,1.81163810250647
NH3054,SP,0p25,flat,1,0.864241712914074,1.14117190308691,50,0,0,1.80400970454868,0.919223893302605
NH3054,SP,0p25,flat,2,0.664302514041124,2.77258872223978,50,2,4,2.30422497008737,0.335723327290039
NH3054,SP,0p5,flat,1,0.686821052835156,1.89711998488588,50,0,0,1.62846655281827,0.0604494552603639
NH3054,SP,0p5,flat,2,0.831651848854173,2.83321334405622,50,0,0,1.6454268674726,0.10769076694496
NH3054,SP,0p75,flat,1,0.92858901904392,1.79175946922805,50,0,0,1.34387994310264,0.0462487100432295
NH3054,SP,0p75,flat,2,0.848980997687188,1.6094379124341,50,0,0,1.33008340957947,0.0369077714002182
NH3054,SP,1p0,flat,1,0.730985555299544,1.21639532432449,50,1,2,1.14842134534031,0.0300260996837096
NH3054,SP,1p0,flat,2,0.893892298898559,1.31218638896617,50,0,0,1.13440102383386,0.033700915838697
NH3055,SP,0p25,flat,1,0.653614514883249,2.83321334405622,50,2,4,1.69360197754636,0.105063336225595
NH3055,SP,0p25,flat,2,0.684789454190796,1.89711998488588,50,0,0,1.70444949582957,0.0652644104751924
NH3055,SP,0p5,flat,1,0.306887696863048,1.64865862558738,50,0,0,1.41569876323707,0.0404146762851422
NH3055,SP,0p5,flat,2,0.503244279886823,1.87180217690159,50,0,0,1.37579834380958,0.0604780137180351
NH3055,SP,0p75,flat,1,0.568188991274861,1.74919985480926,50,0,0,1.21430085819662,0.0242322957033819
NH3055,SP,0p75,flat,2,0.33094260968542,2.07944154167984,50,0,0,1.20860912506901,0.0239851820385076
NH3055,SP,1p0,flat,1,0.321625441700803,1.6094379124341,50,0,0,1.11383790841291,0.0219628932239526
NH3055,SP,1p0,flat,2,0.584784660521694,1.74919985480926,50,0,0,1.11512116713138,0.0215418948390034
NH3056,SP,0p25,flat,1,0.696618246907013,2.01490302054226,50,1,2,1.8387177663935,0.161747942794912
NH3056,SP,0p25,flat,2,0.577364989632149,1.56861591791385,50,0,0,1.77291375718087,0.128916141424097
NH3056,SP,0p5,flat,1,0.569085556224068,1.84582669049833,50,0,0,1.32917929861981,0.0379434006609035
NH3056,SP,0p5,flat,2,0.563629261155268,1.42711635564015,50,0,0,1.36508536832891,0.049480322124072
NH3056,SP,0p75,flat,1,0.692876005144674,0.0527167821724044,50,2,4,2.09857322037712,3.26516490853002
NH3056,SP,0p75,flat,2,NaN,NaN,0,0,0,NaN,NaN
NH3058,SP,0p25,flat,1,0.661427558775458,2.26868354131836,50,0,0,2.09235968282543,0.0933207801657084
NH3058,SP,0p25,flat,2,0.707613328007621,1.44691898293633,50,0,0,2.13787762072388,0.0846189205259988
NH3058,SP,0p5,flat,1,0.685820438099858,NaN,50,0,0,1.60538933600504,0.0696266145014579
NH3058,SP,0p5,flat,2,0.482435481240447,1.99243016469021,50,0,0,1.64187908536412,0.0627870764089182
NH3058,SP,0p75,flat,1,0.563324568854016,1.87180217690159,50,0,0,1.36389705649953,0.0416570352813758
NH3058,SP,0p75,flat,2,0.628910360822371,2.77258872223978,50,1,2,1.38388547131516,0.0338765270301902
NH3058,SP,1p0,flat,1,0.743804539322671,2.35137525716348,50,0,0,1.27448282338969,0.0374714288177812
NH3058,SP,1p0,flat,2,0.515124183139879,2.89037175789616,50,1,2,1.27811958250932,0.0249217711427817
NH3059,SP,0p25,flat,1,0.697971001478816,NaN,50,1,2,2.28284083926816,0.334560600183682
NH3059,SP,0p25,flat,2,0.679638825497254,1.79175946922805,50,0,0,2.30935354402829,0.1122750942217
NH3059,SP,0p5,flat,1,0.453559659593329,2.01490302054226,50,0,0,1.49100225848168,0.0434813705318958
NH3059,SP,0p5,flat,2,0.573799425190128,2.484906649788,50,0,0,1.56788866127189,0.0509389160703841
NH3059,SP,0p75,flat,1,0.460336909156606,NaN,50,0,0,1.30248161738575,0.0235334329030358
NH3059,SP,0p75,flat,2,0.339810166300098,2.39789527279837,50,0,0,1.30516466387171,0.0272025870207172
NH3059,SP,1p0,flat,1,0.484188940859576,2.39789527279837,50,2,4,1.19477846567567,0.027969499784483
NH3059,SP,1p0,flat,2,0.455444676829916,2.30258509299405,50,0,0,1.19903089958992,0.0202033219830436
NH3066,SP,0p25,flat,1,0.607374213772243,1.27296567581289,50,1,2,2.4080859687943,0.204066712987308
NH3066,SP,0p25,flat,2,0.690326306016488,2.12026353620009,50,2,4,2.10863383778069,0.29246379579197
NH3066,SP,0p5,flat,1,0.707279787593782,1.52605630349505,50,0,0,1.69707243864365,0.114475848075777
NH3066,SP,0p5,flat,2,0.627757100417984,1.98100146886658,50,0,0,1.61711112824194,0.112897708158723
NH3066,SP,0p75,flat,1,0.823104137990721,1.45528723260684,50,2,4,1.28529919789959,0.155572367620545
NH3066,SP,0p75,flat,2,0.667674115531774,1.49664241828876,50,1,2,1.29284269495312,0.152167629948669
NH3066,SP,1p0,flat,1,0.844295457730345,1.66254773774805,50,1,2,1.84597896157641,4.85260417495897
NH3066,SP,1p0,flat,2,0.638682557998861,0.111449892259361,50,1,2,1.36874345116187,1.08537765016424
NH3068,SP,0p25,flat,1,0.684790633210717,2.94443897916644,50,0,0,1.3449971503159,0.0482581365464343
NH3068,SP,0p25,flat,2,0.830219563184511,2.35137525716348,50,0,0,1.41618710078537,0.0728556059450542
NH3068,SP,0p5,flat,1,0.867264212043271,2.89037175789616,50,0,0,1.21944663620941,0.0463752351960213
NH3068,SP,0p5,flat,2,0.495574390018894,2.89037175789616,50,0,0,1.26251974057164,0.0393638161587031
NH3068,SP,0p75,flat,1,0.749682963490191,2.484906649788,50,0,0,1.12892338144556,0.0259676044711737
NH3068,SP,0p75,flat,2,0.747615442613713,1.70474809223843,50,0,0,1.15577174159121,0.0261330956451735
NH3068,SP,1p0,flat,1,0.979547222512352,0.529946665212769,50,1,2,1.93968472760599,6.37436928582375
NH3068,SP,1p0,flat,2,0.571415748983077,0.181531355251454,50,1,2,1.24170537417244,2.03667777624276
NH3069,SP,0p25,flat,1,0.695462720479316,1.43508452528932,50,0,0,2.00015635483701,0.0866273152172855
NH3069,SP,0p25,flat,2,0.798534947088486,1.89711998488588,50,0,0,1.97689308388736,0.113708965148871
NH3069,SP,0p5,flat,1,0.564169446071768,1.89711998488588,50,0,0,1.56697125970449,0.0494946585736763
NH3069,SP,0p5,flat,2,0.500765228078482,2.35137525716348,50,0,0,1.47055786229022,0.0388665118542404
NH3069,SP,0p75,flat,1,0.464853839970058,2.07944154167984,50,0,0,1.31280868789364,0.0266139847955259
NH3069,SP,0p75,flat,2,0.608987792924967,NaN,50,0,0,1.32843113752361,0.0351660241554247
NH3069,SP,1p0,flat,1,0.790261196863149,2.19722457733622,50,0,0,1.17979011323351,0.0281571081003102
NH3069,SP,1p0,flat,2,0.634281070756056,1.70474809223843,50,0,0,1.20261908010289,0.0275353549836932
NH3070,SP,0p25,flat,1,0.747786800634849,0.670674324707887,50,1,2,1.44616319578413,0.406908937917289
NH3070,SP,0p25,flat,2,0.661302536655499,1.68639895357023,50,0,0,1.47088847605892,0.0619994289729319
NH3070,SP,0p5,flat,1,0.824627441024061,0.897242536903461,50,3,6,1.15033777268864,0.254531458470365
NH3070,SP,0p5,flat,2,0.636879700372815,0.439041403641769,50,1,2,1.13634950207923,0.275698591968148
NH3070,SP,0p75,flat,1,0.483130095459642,2.33537491581704,50,0,0,1.17199818020787,0.0295154310677118
NH3070,SP,0p75,flat,2,0.454128726082974,1.00866405200517,50,2,4,1.1174080928519,0.172446001822212
NH3070,SP,1p0,flat,1,0.573626978306684,0.616029877215514,50,2,4,1.02425666243676,0.155020819995142
NH3070,SP,1p0,flat,2,0.622368985417643,2.01490302054226,50,0,0,1.08619697722703,0.0173942193761679
NH3071,SP,0p25,flat,1,0.578829615860087,2.4423470353692,50,0,0,0.954388279475048,0.0237205976059005
NH3071,SP,0p25,flat,2,0.656484225671258,1.50407739677627,50,0,0,1.02085479827519,0.0256502483306088
NH3074,SP,0p25,flat,1,0.77444993788884,2.30258509299405,50,2,4,2.49459896464199,0.322089208921205
NH3074,SP,0p25,flat,2,0.817141298413408,1.23214368129263,50,1,2,2.34252095257085,0.350968665062539
NH3074,SP,0p5,flat,1,0.815765705152196,1.90954250488444,50,0,0,1.86350131496258,0.0734277281771905
NH3074,SP,0p5,flat,2,0.657497027020433,1.89711998488588,50,0,0,1.78833274452269,0.0631475134725994
NH3074,SP,0p75,flat,1,0.633699541602935,2.12026353620009,50,0,0,1.38964488491643,0.0327643930870515
NH3074,SP,0p75,flat,2,0.571505887077661,3.25809653802148,50,0,0,1.43854500028819,0.0329698584976965
NH3074,SP,1p0,flat,1,0.553538281529712,1.74919985480926,50,1,2,1.18513939868175,0.170860676900286
NH3074,SP,1p0,flat,2,0.722352994968512,2.4423470353692,50,0,0,1.20525143331837,0.0222178731209517
NH3076,SP,0p25,flat,1,0.671870747947014,1.6094379124341,50,1,2,2.1163883759262,0.327621502927557
NH3076,SP,0p5,flat,1,0.590541122816076,1.55814461804655,50,0,0,1.6147934019725,0.101767189205739
NH3076,SP,0p75,flat,1,0.677670988268844,2.30258509299405,50,0,0,1.32880906317763,0.0674916288988234
NH3076,SP,1p0,flat,1,0.548409273003609,1.84582669049833,50,0,0,1.11656386470571,0.0225423394029945
NH3082,SP,0p25,flat,1,0.773765768010882,2.39789527279837,50,1,2,1.79094263568137,0.075122229880829
NH3082,SP,0p5,flat,1,NaN,NaN,0,0,0,NaN,NaN
NH3086,SP,0p25,flat,1,0.44162748630217,2.2512917986065,50,1,2,2.4552698003035,0.39377732542993
NH3086,SP,0p25,flat,2,0.815437000253645,1.57553636075842,50,0,0,2.50856130224245,0.15407468742746
NH3086,SP,0p5,flat,1,0.555842149659844,NaN,50,0,0,1.67607526241351,0.0530283568647189
NH3086,SP,0p5,flat,2,0.41882049054822,0.486856433652994,50,1,2,1.98131666567478,1.69521550419858
NH3086,SP,0p75,flat,1,0.761406002255535,1.94591014905531,50,1,2,1.229398507833,0.0322310639220858
NH3086,SP,0p75,flat,2,0.485961947021039,3.17805383034795,50,0,0,1.2467106315881,0.0317783016177578
NH3086,SP,1p0,flat,1,0.429471358246609,2.77258872223978,50,0,0,1.07325821219889,0.0164921173465056
NH3086,SP,1p0,flat,2,0.547013913847519,NaN,50,0,0,1.08635423407467,0.0181468076892559
NH3090,SP,0p25,flat,1,0.403533795057362,2.30258509299405,50,0,0,1.93166598072417,0.119622644326716
NH3090,SP,0p25,flat,2,0.704658642274941,2.484906649788,50,0,0,1.78941952435337,0.115050562583469
NH3090,SP,0p5,flat,1,0.551496334743217,1.70474809223843,50,1,2,1.20929816091955,0.123721983604309
NH3090,SP,0p5,flat,2,0.926613981754159,1.55814461804655,50,1,2,1.3050310132378,0.134937881112155
NH3090,SP,0p75,flat,1,0.641057392253594,2.39789527279837,50,0,0,1.16977592672184,0.0348248661942596
NH3090,SP,0p75,flat,2,0.284911628992214,2.77258872223978,50,0,0,1.15512788808942,0.0334918239318201
NH3090,SP,1p0,flat,1,0.543696395771295,1.64865862558738,50,0,0,1.0712329765353,0.0269709279995244
NH3090,SP,1p0,flat,2,0.510081010703073,1.84582669049833,50,1,2,1.05548877608936,0.149483306565526
NH3102,SP,0p25,flat,1,0.856554569481457,1.55814461804655,50,0,0,1.54999314678628,0.0766073123522806
NH3102,SP,0p25,flat,2,0.7867520413443,2.484906649788,50,0,0,1.5311085266082,0.0737440920224357
NH3102,SP,0p5,flat,1,0.731712475686998,1.79175946922805,50,0,0,1.17673836400807,0.0268463507318314
NH3102,SP,0p5,flat,2,0.461846274938291,1.75785791755237,50,0,0,1.16782519647922,0.0229521509830525
NH3102,SP,0p75,flat,1,0.798300679501426,1.94591014905531,50,0,0,1.04465903361,0.0191271691710597
NH3102,SP,0p75,flat,2,0.54596567776796,1.46633706879343,50,0,0,1.0826978018105,0.0211779657339135
NH3102,SP,1p0,flat,1,0.72792326273762,2.56494935746154,50,1,2,0.962354942831174,0.0186463259574248
NH3102,SP,1p0,flat,2,0.491689356256918,0.678758443107846,50,1,2,0.948172121507377,0.0991319337530946
NH3104,SP,0p25,flat,1,0.486746974454957,1.65822807660353,50,0,0,1.61012615447655,0.0755169586249242
NH3104,SP,0p25,flat,2,0.630358569070099,2.56494935746154,50,0,0,1.62302050085319,0.0718705940300969
NH3104,SP,0p5,flat,1,0.4822151797183,2.07944154167984,50,1,2,1.49048786506843,0.0463407224890139
NH3104,SP,0p5,flat,2,0.735240845930987,1.87180217690159,50,1,2,1.53087082263779,0.0676214766607572
NH3104,SP,0p75,flat,1,0.396789084492055,1.6094379124341,50,0,0,1.30890336209647,0.0405357023884753
NH3104,SP,0p75,flat,2,0.732420760867578,1.46633706879343,50,0,0,1.29257677655388,0.0335829178079287
NH3104,SP,1p0,flat,1,0.517028009857077,2.30258509299405,50,1,2,1.11342803083211,0.0322548959632882
NH3104,SP,1p0,flat,2,0.507466290740731,1.56861591791385,50,0,0,1.14827927685309,0.022118572011298
NH3105,SP,0p25,flat,1,0.425046949127733,1.45528723260684,50,1,2,2.02705728775218,0.20433460492913
NH3105,SP,0p25,flat,2,0.538734673302373,1.02961941718116,50,1,2,1.97659087050814,0.269197504952652
NH3105,SP,0p5,flat,1,0.511652812955578,1.50407739677627,50,0,0,1.5870657166478,0.0528244614063646
NH3105,SP,0p5,flat,2,0.523461511677561,2.7408400239252,50,1,2,1.55764713349789,0.173902409916124
NH3105,SP,0p75,flat,1,0.362867887123365,2.19722457733622,50,0,0,1.36388688411068,0.039700957566969
NH3105,SP,0p75,flat,2,0.537435535556111,3.04452243772342,50,0,0,1.41695742926672,0.0571651514931788
NH3105,SP,1p0,flat,1,0.946805637595994,2.15948424935337,50,0,0,1.2445642425992,0.0472450170391768
NH3105,SP,1p0,flat,2,0.674539377979505,2.15948424935337,50,0,0,1.23107976798136,0.0265049244283558
NH3106,SP,0p25,flat,1,0.752003930894662,1.33500106673234,50,1,2,1.74951001671422,0.0727818713321071
NH3106,SP,0p25,flat,2,0.672888297442243,3.04452243772342,50,1,2,1.7054612726187,0.0642246829017139
NH3106,SP,0p5,flat,1,0.557126888677596,2.35137525716348,50,0,0,1.37521105854589,0.0392877347628672
NH3106,SP,0p5,flat,2,0.633748190465149,1.99243016469021,50,0,0,1.39391885167465,0.032563048126211
NH3106,SP,0p75,flat,1,0.461799750821478,2.19722457733622,50,0,0,1.23832572843812,0.0203602935175718
NH3106,SP,0p75,flat,2,0.359101954821592,2.89037175789616,50,0,0,1.24570505514771,0.0178699491035384
NH3106,SP,1p0,flat,1,0.782954077529678,1.79175946922805,50,0,0,1.15261799043063,0.0140933420655879
NH3106,SP,1p0,flat,2,0.538280029371642,1.89711998488588,50,0,0,1.12861225115485,0.0169615117718678
NH3108,SP,0p25,flat,1,0.483608759423353,1.87180217690159,50,1,2,1.80164637721736,0.210307018144653
NH3108,SP,0p25,flat,2,0.481602990935187,1.87180217690159,50,1,2,1.80164637721736,0.210307018144653
NH3108,SP,0p5,flat,1,0.383005701675085,1.99243016469021,50,0,0,1.48905535685129,0.061734537189356
NH3108,SP,0p5,flat,2,0.632414477738938,2.15948424935337,50,0,0,1.47117852947567,0.0698144195562095
NH3108,SP,0p75,flat,1,0.477989787953896,1.46633706879343,50,1,2,1.2338063045818,0.0382133546289859
NH3108,SP,0p75,flat,2,0.681997542916795,2.07944154167984,50,0,0,1.23271774627104,0.0291463039628815
NH3108,SP,1p0,flat,1,0.428885997859655,1.64865862558738,50,1,2,1.1660417208413,0.10187054776662
NH3108,SP,1p0,flat,2,0.402644630932849,2.30258509299405,50,0,0,1.15812804085605,0.0271516747335461
NH3110,SP,0p25,flat,1,0.686824791587726,2.39789527279837,50,0,0,1.1751,0.0547302289341427
NH3110,SP,0p25,flat,2,0.614087627562776,NaN,50,0,0,1.1612,0.0514737896449073
NH3110,SP,0p5,flat,1,0.602196878906523,1.53147637096439,50,0,0,0.955413523575067,0.0448566057552016
NH3110,SP,0p5,flat,2,0.573385711421618,2.01490302054226,50,0,0,0.968588575522154,0.0352056042454477
NH3110,SP,0p75,flat,1,0.444481622594857,2.39789527279837,50,1,2,0.893840794880427,0.0275067019111148
NH3110,SP,0p75,flat,2,0.30866872286952,1.52605630349505,50,1,2,0.9182,0.0322420691086686
NH3110,SP,1p0,flat,1,0.689681700459385,1.69167601067107,50,0,0,0.8182,0.0278985040927331
NH3110,SP,1p0,flat,2,0.440743403070367,3.04452243772342,50,0,0,0.8543,0.0281760138256291
NH3112,SP,0p25,flat,1,0.813621418321153,1.40876721697195,50,1,2,2.23729659819625,0.288078048585378
NH3112,SP,0p25,flat,2,0.648844964761143,1.44691898293633,50,0,0,2.06858931403939,0.0858741012842486
NH3112,SP,0p5,flat,1,0.509743209644913,1.76578398282479,50,1,2,1.46136309625611,0.157864960818621
NH3112,SP,0p5,flat,2,0.719033958619492,1.79175946922805,50,0,0,1.47936387346312,0.0475973944161192
NH3112,SP,0p75,flat,1,0.9582895672175,1.74919985480926,50,0,0,1.39036003060624,0.0799167325907357
NH3112,SP,0p75,flat,2,0.473616140359655,2.52572864430826,50,0,0,1.34555809622433,0.0251587523551441
NH3112,SP,1p0,flat,1,0.693002977271567,1.65822807660353,50,0,0,1.15104969807077,0.0227238007308942
NH3112,SP,1p0,flat,2,0.47487455660745,NaN,50,0,0,1.15504987078346,0.0187090947232294
NH3113,SP,0p25,flat,1,0.442055168459243,2.07944154167984,50,0,0,2.04007312617587,0.104947462382505
NH3113,SP,0p25,flat,2,0.685127297074652,1.68639895357023,50,0,0,1.94410482671442,0.103659284924309
NH3113,SP,0p5,flat,1,0.519151598544932,NaN,50,0,0,1.5289745422937,0.0588215735019632
NH3113,SP,0p5,flat,2,0.662482883845906,2.56494935746154,50,0,0,1.61408308999367,0.0652082373698985
NH3113,SP,0p75,flat,1,0.63735884207893,1.84582669049833,50,1,2,1.31136841787688,0.0438238794471376
NH3113,SP,0p75,flat,2,0.63172537661132,2.89037175789616,50,0,0,1.30554783667706,0.0322944452166019
NH3113,SP,1p0,flat,1,0.657062815872079,2.23359222150709,50,1,2,1.14762061833851,0.0599454658846113
NH3113,SP,1p0,flat,2,0.706703256146706,1.91692261218206,50,0,0,1.14643668254729,0.0510994696066342
NH3114,SP,0p25,flat,1,0.796146663548561,1.99243016469021,50,0,0,1.73361478308197,0.103026770693178
NH3114,SP,0p25,flat,2,0.824441903162228,1.98100146886658,50,0,0,1.72018868610196,0.118057636756671
NH3114,SP,0p5,flat,1,0.543443411184888,1.13036098698269,50,2,4,1.4084876617441,0.212789134698882
NH3114,SP,0p5,flat,2,0.779823819139808,1.67397643357167,50,0,0,1.49507300245587,0.0743028248910985
NH3114,SP,0p75,flat,1,0.630339244203958,1.56397553835734,50,1,2,1.21598586839072,0.144086372414091
NH3114,SP,0p75,flat,2,0.596286241516737,1.16315080980568,50,0,0,1.25881420424443,0.0365020136627132
NH3114,SP,1p0,flat,1,0.844222107076293,0.269187489815617,50,0,0,1.03599058267619,0.228212248069268
NH3123,SP,0p25,flat,1,0.541477213059065,2.35137525716348,50,1,2,1.73282380364817,0.125788333893332
NH3123,SP,0p25,flat,2,0.65033601135233,2.70805020110221,50,0,0,1.71741108719431,0.103067325969585
NH3123,SP,0p5,flat,1,0.50795391702182,2.94443897916644,50,0,0,1.29814982032776,0.0597219056850605
NH3123,SP,0p5,flat,2,0.731194312464627,1.65822807660353,50,0,0,1.30950727569502,0.0789628337808873
NH3128,SP,0p25,flat,1,0.598481742519403,1.38629436111989,50,0,0,1.01709103351597,0.0339021082050541
NH3128,SP,0p25,flat,2,0.716224328121379,2.14006616349627,50,0,0,1.04522216786716,0.0399865177270125
NH3128,SP,0p5,flat,1,0.672725119133224,2.19722457733622,50,0,0,0.836847233480867,0.0286206959328803
NH3128,SP,0p5,flat,2,0.484786073786007,2.4423470353692,50,0,0,0.812057479403988,0.0221169478173298
NH3128,SP,0p75,flat,1,0.674473155353659,2.60268968544438,50,0,0,0.729610778544582,0.0219176012547738
NH3128,SP,0p75,flat,2,0.557994501414704,1.74919985480926,50,0,0,0.802140797488503,0.0213885114276169
NH3128,SP,1p0,flat,1,0.232422494412793,2.63905732961526,50,0,0,0.719961905669458,0.0203497605283258
NH3128,SP,1p0,flat,2,0.267571629643973,1.57553636075842,50,0,0,0.717008105921075,0.0201063197850883
NH3129,SP,0p25,flat,1,0.797168337522231,1.29928298413026,50,0,0,1.34201999089394,0.0823901418628238
NH3129,SP,0p25,flat,2,0.748620048914682,3.25809653802148,50,1,2,1.418205281877,0.145654641947675
NH3129,SP,0p5,flat,1,0.534620461675916,3.2188758248682,50,0,0,1.17016457404913,0.0354772843595401
NH3129,SP,0p5,flat,2,0.785178527026604,2.30258509299405,50,0,0,1.16647460719846,0.0383051333825564
NH3129,SP,0p75,flat,1,0.313987195760931,2.63905732961526,50,0,0,1.10345480472099,0.0253443869098749
NH3129,SP,0p75,flat,2,0.722461927207617,2.70805020110221,50,0,0,1.17444047778554,0.0422942120694524
NH3129,SP,1p0,flat,1,0.638531480328675,2.2512917986065,50,0,0,1.12974392207287,0.028567477238179
NH3129,SP,1p0,flat,2,0.908220866196995,NaN,50,0,0,1.10499574493747,0.0309241635326849
